idx,keyword,text,
0,dogecoin%20shib%20shibarmy%20africa%20starving%20starvedtodeath%20nestle%20niger,fair economy work hard  yeah suredogecoin shib shibarmy africa starving starvedtodeath nestle niger,
1,hungry%20starving%20ethiopian%20african%20mcdonaldsmonopoly%20food%20melbourneprotest%20africa,Gaming rn and I have to say that gaming really makes you hungry Hungry starving Ethiopian African McDonaldsMonopoly Food Melbourneprotest Africa,
2,conspiracytheories%20exposed%20starving%20children%20in%20africa%20bitch%20fyp%20foryoupage%20scandel,Loserfruit Forgot the hashtags conspiracytheories exposed starving children in Africa bitch fyp foryoupage scandel,
3,lennyhenry%20rednoseday%20clone%20liveaid%20starving%20africa,Remember when LennyHenry and Co set up RedNoseDay as a Faux Clone of LiveAid He NOW says they dont want the Help from White Folk    Maybe remember WHO were the ones performing and donating to the Starving Millions in Africa via LiveAid EH,
4,europe%20africa%20europeans%20africans%20starving%20dancing%20myjijitv,Europeans Africans are starving  europe africa europeans africans starving dancing myjijitvcom,
5,gold%20diamond%20starving%20sahelnow%20africa%20cdnpoli,74 million has gold diamond mines but they are starving  SahelNow  Africa   Men in suits stealing  vonderleyen AOC MinPres BernieSanders jeremycorbyn JustinTrudeau GretaThunberg mehdirhasan cathmckenna WFPMENA katenoconnor1 cdnpoli theJagmeetSingh,
6,underpaid%20starving%20money%20attention%20dramaqueen%20outburst%20osaka%20rolemodel%20africa,serenawilliams says shes been underpaid underpaid how many millions do U hav when people R starving    after more money attention dramaQueen after the outburst against osaka still seeking more limelight no longer a roleModel sharethis Africa,
7,america%20africa%20starving%20richpeople%20food%20help%20billionaires%20next2021%20virus,Minivans at the Food Pantry Meet Americas New Needy   via YahooNews AmericaAFRICA Starving RichPeople Food HELP Billionaires Next2021 Virus,
8,black%20blackpeople%20starving%20africa%20dictators%20alm,kimKBaltimore black lives dont matter only your black lives matter 221 million BlackPeople starving in Africa today since 1955 60mil have died at the hands of the worlds top 10 dictators all black so only your fat well heeled Blacks winging black lives matter ALM,
9,shortstory%20creativewriting%20amwriting%20writersonwriting%20writingcommunity%20poems%20poetry%20love%20writers%20heartbreak%20starving%20children%20africa%20charity%20drought%20savethechildren%20brokenheart%20sadpoems%20medium,I just published UNTIL THE RAIN COMES shortstory creativewriting amwriting writersonwriting writingcommunity poems poetry love Writers heartbreak starving children Africa Charity drought SaveTheChildren brokenheart sadpoems medium,
10,colonial%20powers%20advanced%20wealthy%20africa%20poor%20starving%20oppressors%20oppression%20apartheid%20black%20hispanic%20nativeamerican,Colonial Powers be like Look how Advanced and Wealthy we are Why cant you be more like us Africa Why are you so uncivilized Why are you so poor Why are you starving oppressors Oppression Apartheid Black Hispanic NativeAmerican,
11,theresmoretolifethanshopping%20tmtlts%20cotton%20china%20starving%20africa%20politics%20climateawareness,LBC TheresMoreToLifeThanShopping TMTLTS Buying Cotton from China led to many Starving in Africa due to dispotic politics Noone said or did anything back then 25 years ago ClimateAwareness,
12,cotton%20china%20political%20africa%20starving,LBC Hi Maajid The Cotton China thing started 25 years ago Due to political troubles in Africa there was an embargo from us buying cotton from there This led to communities starving The world stood by in obliviousness We worldwide started buying cotton from China,
13,institutional_corruption%20africa%20starving%20dying,foreignoffice InstitutionalCorruption in Africa constitutes one of the gravest human rights violations diverting public funds to private use amp leaving million Starving to death or  Dying because of lack affordable medical care,
14,new_apartheid%20police_brutality%20africa%20rich5%20poor95%20foreign_ngos%20mass_migrating%20starving,afropolitan mimmitwit Sadly  newapartheid complete with  policebrutality has sprung up all over  Africa where the  rich5 amp the  poor95 live separate lives the later depending on foreignNGOs   massmigrating or  starving,
15,africa%20covid19%20hunger%20poverty%20starving%20economiccrisis,Africa  tough moments during COVID19 lockdown hunger poverty starving EconomicCrisis,
16,south%20africa%20starving%20now,2May2020  South Africa Im starving now World faces unprecedented hunger crisis amid coronavirus pandemic Debora Patta et al CBS News,
17,lions%20starving%20farms%20south%20africa%20die%20lionbone%20wine%20china,Cites so you R still N existence What about the Lions starving amp languishing on Farms in South Africa not waiting to Die to become Lionbone Wine for China Have you visited those death farms,
18,stayhome%20coronacrisis%20socialdistancing%20coronavirus%20covid19%20death%20disease%20hunger%20work%20living%20brasil%20brazil%20colombia%20venezuela%20africa%20syria%20irak%20iran%20jobs%20starving,Not every job or country is suited for stayhome coronacrisissocialdistancing coronavirus covid19  death disease hunger work living brasil brazil colombia venezuela africa syria irak iran CartoonMovement CartooningPeace jobs starving WHO coronabrasil,
19,americans%20clean%20water%20tribes%20africa%20life%20granted%20starving%20dying%20dehydration,Most Americans have clean drinkable water access while tribes in Africa one must walk miles to get fresh water a must for life Americans take this for granted While others on the same planet are starving amp dying of dehydration,
20,starving%20wildlife%20rescue%20southafrica%20animalcruelty%20hunting%20poaching%20extinction%20defendanimals%20protectanimals%20wildanimals%20africa%20saveanimals,Wild animals belong in the wild Starving wildlife saved in mammoth rescue operation from private reserve in  SouthAfrica animalcruelty hunting poaching extinction defendanimals protectanimals wildanimals africa saveanimals,
21,blackfriday%20hunger%20starving%20mangelern√§hrung%20unterern√§hrung%20malnutrition%20blackfriday%20starvation%201goal1mission%20healthforall%20health%20africa%20solidarmed,If you want to invest your money on todays Blackfriday for the benefit of others follow the link     hunger starving mangelern√§hrung unterern√§hrung malnutrition blackfriday starvation 1goal1mission healthforall health africa solidarmed,
22,africa%20suffering%20starving%20jobless%20africans%20equality%20war,Africa is quiet because inequality and hardship is still growing The elitespoliticians are stealing public funds to amass empires at the expense of the Sufferingstarvingjobless masses China et al are here but very soon africans will want Equality and War comes,
23,feed%20hungry%20allah%20charity%20donation%20africa%20usa%20charityp2p%20food%20poor%20children%20starving%20orphans%20good%20deed,Feed the hungry and Allah SWT will feed you 1 loaf of bread costs less than a 1 Donate anything u can   charity donation Africa USA charityp2p food poor children starving orphans good deed  view on Instagram,
24,sundaythoughts%20water%20africa%20starving,SundayThoughts If this water had been oil it wouldve been drilled to by now We all need to feel ashamed that we put money above life saving water Water Africa starving,
25,starving%20africa,Sometimes people talk casually of starving children in Africa It is different when you know their names and faces,
26,art%20drawing%20realism%20homeless%20africa%20starving%20blackandwhite%20supportblackart%20whatmatters%20blackboys,_ompassionate eyes looking living being  Be grateful for what you have it may not be here tomorrow    art drawing realism homeless africa starving blackandwhite supportblackart whatmatters blackboys ,
27,mission%20asbestos%20africa%20starving,VincentsProfile I know a guy who did mission work in asbestos before He said it was the worst country in africa starving,
28,france%20church%20millions%20christ%20mighty%20notredame%20notredamn%20millionsspent%20africa%20starving%20justsaying,People in France cry about  a  church and raise millions to build it back up christ all mighty  you could get some food with those millions to save starving kids in Africa just saying  NotreDame notredamn  millionsspent Africa starving  justsaying,
29,centralafricanrepublic%20africa%20hunger%20malnutrition%20starving,Some more pics from CentralAfricanRepublic  you don_ know what real hunger is until you_e seen it first hand  Africa Hunger Malnutrition Starving,
30,repost%20realsituation%20freedomofspeech%20legalise%20fast%20reggae%20rap%20black%20soul%20africa%20starving,Followme repost No one can stop dem now bobmarley realsituation freedomofspeech legalise fast Im impatient buddy reggae rap black soul africa starving Lets do the job,
31,anstractart%20liquidart%20artcurators%20canadianart%20canadianartists%20artoftheday%20digitalart%20ipadpro%20procreate%20boy%20starving%20thirsty%20africa%20sunlight,Thirsty  By Ernie Kasper anstractart liquidart artcurators canadianart canadianartists artoftheday digitalart ipadpro procreate boy starving thirsty africa sunlight,
32,anstractart%20liquidart%20artcurators%20canadianart%20canadianartists%20artoftheday%20digitalart%20ipadpro%20procreate%20boy%20starving%20thirsty%20africa%20sunlight,Thirsty  By Ernie Kasper anstractart liquidart artcurators canadianart canadianartists artoftheday digitalart ipadpro procreate boy starving thirsty africa sunlight,
33,worldchildrensday%20children%20africa%20african_childn%20out_of_school%20starving%20dying%20fleeing%20europe,jobeckerhrw hrw On this WorldChildrensDay we are congratulating DFIDUK CommonsIDC  UKaid savechildrenuk amp others supporting Children in Africa Without their good work millions more Africanchildn would be Outofschool Starving Dying of preventable diseases Fleeing to Europe,
34,starving%20africa%20flip%20fauxnews%20focus,You know that there are people starving in Africa right  Why dont you Flip your FauxNews amp Focus on that,
35,campaign%20charity%20starving%20worldfoodday%20africa%20food%20war%20love%20world%20worldfoodday,Milions of people keep struggling with nutrition diseases lets not forget them    campaign charity starving worldfoodday africa food war love World WorldFoodDay,
36,catswithnohope%20help%20starving%20kittens%20money%20donate%20please%20gofundme%20africa,HEAR THEIR CRYS HELP FEED THESES POOR CATS EVERY DOLLAR HELPS NO AMOUNT IS TOO SMALL catswithnohope help starving kittens money donate please gofundme Africa,
37,catswithnohope%20donate%20please%20cats%20needed%20rescue%20starving%20abandond%20gofundme%20africa%20homeless%20animals%20kitten%20feral,Helphungry cats   catswithnohope donate please cats needed rescue starving abandond Gofundme Africa homeless animals kitten feral,
38,starving%20africa,adamcbest Ludacris Very good deed People are Starving all over the world Lets focus in on that Africa is suffering Along with many other regions,
39,socialpressure%20socialworker%20hunger%20poverty%20starving%20africa%20comedyvideo%20standupcomedy%20standup%20funn%20instafun%20instafunny%20chaaicoffee,Solving Starvation Problem     socialpressure socialworker hunger poverty starving africa comedyvideo standupcomedy standup funn instafun instafunny ChaaiCoffee,
40,africa%20starving%20africankid%20blackboy,Hey Apple I hope this isnt a real ad africa starving africankid blackboy,
41,starving%20africa%20syria%20refugee%20camps%20turkish%20soup%20series,If you think what is happening in starving africa or syria or refugee camps is sad then most likely youve never seen Turkish soup series D,
42,africa%20starving%20children,Weeks left to save East Africa s starving children  World Vision,
43,hundreds%20millions%20pounds%20fruit%20africa%20children%20starving%20greed,EHFoundation237 Why are hundreds of millions of pounds of fruit leaving Africa per year while children are starving purely greed feeds the needless,
44,starving%20baby%20africa%20jobs,rjdavies7 Which is why noone shd be allowed to donate to starving baby in Africa appeals unless a  is set aside to help that country grow jobs,
45,macron%20yemen%20eat%20cake%20brioche%20africa%20somalia%20nigeria%20starving%20behuman,what macron could say about yemen   Let them eat cake   Quils mangent de la brioche AFRICA SOMALIA NIGERIA  STARVING BEHUMAN,
46,donate%20hungry%20starving%20people%20asia%20africa%20syria%20iraq%20yemen%20somalia%20europe%20famine,donate 2 Oxfam  to help hungry starving people Asia Africa Syria Iraq Yemen Somalia Europe famine,
47,starving%20food%20africa%20haiti%20cake,The infamous mudcakes are still being Eaten by Haitians starving Food Africa Haiti cake,
48,starving%20africa,Millions starving in Africa Find out how U can make a difference Catholics Confront Global Poverty  CRS  CCGP,
49,tigray%20famine%20tigrayfamine%20tigraygenocide,People in Tigray are dying of  Famine  TigrayFamine TigrayGenocide   POTUS JoeBiden SecBlinken antonioguterres UN EUCouncil eu EUCommission UNHumanRights AFP F24Afrique BBCWorld CNN AP ChrisCoons JosepBorrellF Haavisto wallacemick,
50,children%20malnutrition%20famine%20stopstarvingtigray,UNICEF estimated in July that more than 100000 Children could suffer from malnutrition in the coming year There is a real threat of the 1980s FAMINE which killed roughly one million people vickyford AngelaRayner tariqahmadbt StopStarvingTigray,
51,hunger%20famine%20stopstarvingtigray%20tigraycantwait%20tigraygenocide,Why is it that we need to see children dying of Hunger before we believe that it is happening UN said that 400000 people were in faminelike conditions vickyford tariqahmadbt UNRICUKIRE USUN StopStarvingTigray TigrayCantWait TigrayGenocide,
52,famine%20tigray%20yemen,The world is approaching a dangerous tipping point Famine is looming in Tigray and in Yemen Hunger rates are skyrocketing in Afghanistan   To escape suffering and starvation on a Biblical scale aggressive and bold action must be taken   The US must lead Now,
53,hboschernobyl%20chernobyl%20hbochernobyl%20jaredharris%20paulritter%20stellanstargard,If you loved HBOsChernobyl and want to listen to a podcast Exploring the Themes amp Discussing the mini series    Chernobyl HBOchernobyl JaredHarris PaulRitter StellanStargard JaredHarris,
54,moevid%20saskatchewan%20lifeischeap%20covid19sk%20yxe%20pripyat%20chernobyl,Remember prior to the pandemic when Moevid was trying to pump up his nuclear project Touting how safe and efficient it was Would you believe a letter of that now saskatchewan lifeischeap covid19sk yxe pripyat chernobyl,
55,cop26%20lifeweb%20fukushima%20chernobyl,Nuclear is NEVER green CP26 COP26 UN EUCommission decommission 465 before next meltdownNO new ones 3 lifeweb threat accidents in 60yrs vs industry lie 1million yrs 1000s leaks Fukushima 11311 Chernobyl 19863 mile island Nuclear waste has zero solution Elite STOP,
56,quakes%20fukushima%20japan%20chernobyl%20±Â_,Sadly quakes keep damaging the three RCVs Two have already lost inner pressure  Leaking radioactive gas dust Not to mention tonshr of highly radioactive cooling water Fukushima Daiichi situation could be worsen Japan MUST ask intl help as Chernobyl did,
57,chernobyl,This girl on TikTok can take you inside the abandoned Chernobyl nuclear plant,
58,chernobyl,Why am I watching Chernobyl HBO at 300 AM tragedy,
59,chernobyl,Back in March of 2020 if Trump wasn_ an infantile moron and if he did his job instead of play with band aids and try to keep the truth hidden  Chernobyl  our economy would not have cratered job losses wouldn_ of been as bad and the worker shortage wouldn_ exist it would in,
60,chernobyl,40 years  Chernobyl unhappy 35 more like,
61,ukraine%20europe%20travel%20chernobyl%20travelukraine,Ukraine is a great place to travel even though it is also the most underrated country in Europe Ukraine is perfect for traveling due to the low prices wide range of attractions and friendly people Learn more here   travel Chernobyl TravelUkraine,
62,chernobyl%20japan%20badtake%20nonuclear,BambroughKevin Yes nuclear power Because were definitely not gonna mess up again Chernobyl Japan BadTake NoNuclear,
63,bible%20chernobyl%20nyt%20nuclear%20radioactivity,Whether it is used for ill or good the underlying physical mechanism presents an inherent danger to those constructing handling and living with the device and its constituent parts and waste Bible Chernobyl NYT Nuclear Radioactivity,
64,chernobyl%20dugaradar%20russianwoodpecker%20travel%20chornobyl%20prypiat%20chernobyltour,Chernobyl2 DUGAradar RussianWoodpecker signals appeared without warning sounding like a sharp repetitive tapping noise at 10 Hz repetition rate    Travel to Chornobyl amp Prypiat amp Book Chernobyltour with    Follow us ToursChernobyl,
65,chernobyl,Birth defects in the Chernobyl region,
66,mushrooms%20chernobyl%20radiation,Mushrooms in Germany are still contaminated by Chernobyl radiation  gtgtgt NY Post,
67,chernobyl,First 2 episodes of Chernobyl without context,
68,chernobyl,PLS RTampFOLLOW Did you miss out last time Fear not chernobyl fans  I have another awesome signed script page from marklewisjones with an iconic quote added as the true horror of Chernobyl began to unfold Get your bids in nomw    to support CwCUK,
69,chernobyl%20radioactivity,Look Inside Chernobyl As RoboDog Learns To Sniff Out Radioactivity  A team of scientists from the University of Bristol in the UK together with Ukrainian researchers and engineers have boldly ventured into the bowels of the Chernobyl Nuclear Power,
70,chernobyl%20nonukes,Greenpeace 35 years after Chernobyl wild mushrooms picked in Germany still show increased levels of radioactivity  This is the toxic legacy of nuclear technology     NoNukes,
71,chernobyl%20nonukes,35 years after Chernobyl wild mushrooms picked in Germany still show increased levels of radioactivity  This is the toxic legacy of nuclear technology     NoNukes,
72,fukushima%20chernobyl,The guest on Bill Maher this week said that Nuclear Energy is the cleanest  I dont recommend taking a shower at that guys house  fukushima Chernobyl,
73,chernobyl%20lifeafter,Ich war in der Sperrzone in Chernobyl Life after people Spital in Pripyat Chernobyl LifeAfter,
74,chernobyl%20chernobylfire,30 years ago today a fire broke out inside Unit 2 at the Chernobyl Nuclear Power Plant Although no employees were hurt the fire forced Unit 2 to permanently shutdown  ChernobylFire is dedicated to the firefighters who served the exclusion zone from the 1986 accident onward,
75,wildlife%20chernobyl,Are humans a greater threat to animals in long run than even a nuclear disaster  Wildlife Chernobyl Source WhatsApp fwd,
76,chernobyl%20gasmask%20urbex,Chernobyl zone madness Chernobyl gasmask urbex,
77,ipl2021%20iplplayoffs%20chernobyl,ShaneWarne msdhoni finish  IPL ChennaiIPL IPL2021 Iplplayoffs  Literally Chernobyl is must watch,
78,time%20life%20veritasium%20chernobyl,Time is running out     Time life veritasium Chernobyl,
79,professoriallecture%20chernobyl%20chernobylexclusionzone%20vr,The SalfordUni ProfessorialLecture series is back and kicks off with ProfMikeWood busting the myths on Chernobyl  you will also get to experience the ChernobylExclusionZone through VR  You  To find out more click,
80,ppe%20covid%20airborne%20covidisairborne%20chernobyl,Paycottage ShaunLintern sajidjavid Independent Ah let me clarify   There IS a copious supply of INADEQUATE PPE but those of us repeatedly exposed to patients with known or suspected COVID have still not been afforded the _uxury of effective protection against an airborne  Nope   COVIDisAirborne Chernobyl,
81,chernobyl,Should watch Chernobyl mini series Dialogue delivery in Chernobyl is on next level You dont need Evil to make Horror series Science is Enough Science is interesting subject but it does not accept any mistakes Chernobyl  chernobylstatus,
82,chernobyl,As a past Nuclear Power Plant worker when I wrote Analyze Act Advance I reflected on Chernobyl I wish you find the book inspirational Download for free at,
83,reztober%20illustration%20inktober%20inktober2021%20illustrator%20illustrationartists%20digitalartist%20digitalpainting%20sketch%20drowings%20paint%20skeachbook%20characterart%20characterdesign%20chernobyl%20toxicclouds%20cloud%20cloudy,Day 5 Toxic clouds Inktober inktober reztober illustration inktober inktober2021 illustrator illustrationartists digitalartist digitalpainting sketch drowings paint skeachbook characterart characterdesign 2021toxic chernobyl toxicclouds cloud cloudy,
84,chernobyl,Poor sonicthehedgehog should have stayed out of the Chernobyl Zone  Linden California,
85,chernobyl%20stopnuclearhorror,CleanEnRev Oh nooo The pro nuclear power groups try it again RememberFukushima Remember Chernobyl  Stopnuclearhorror ausgestrahlt AntiAtomNews  IPPNWgermany,
86,chernobyl,sivakar12 SriLankaTweet From ChernobylHBO Mini Series right,
87,chernobyldisaster%20pripyat%20chernobyl,After the Chernobyldisaster in 1986 Pripyat and the surrounding villages were abandoned and residents were not allowed to take their personal things Thats why you still can see the vestiges of the past  Hit the link to join us in Chernobyl,
88,chernobyl%20tvtime,Ive just watched episode S01  E05 of Chernobyl chernobyl    tvtime,
89,chernobyl,Series name   Chernobyl  Language  English  Genre  Historical drama  IMDb rating  85  One of best Mini series  Dont miss it Watch and know what happens on Chernobyl plant  Only  5 Episodes,
90,forum%20chernobyl,Today at the  CHRNBL International Forum panellists will discuss _trategy for reintegration into the society of victims Implementing social programs engaging in rethinking research on health impacts gt     Info    Chernobyl,
91,chernobyl%20nuclearforensics%20radiation%20robotics,Scientists at Bristol recently visited Chernobyl to test new radiationmapping technology Read the full article CountyGazette BristolUniEng RAEngNews   Chernobyl nuclearforensics radiation Robotics,
92,chernobyl,A recent book on the Chernobyl _shows in how several UN agencies downplayed the incident_ public health implications to avoid clashes with the Soviets their optimistic assessments made it harder for the UN to raise funds for those affected by radiation,
93,chernobyl%20tvtime,Ive just watched episode S01  E04 of Chernobyl chernobyl    tvtime,
94,squidgamenetflix%20chernobyl%20goldenglobes,squidgamenetflix is the best new series since HBOs Chernobyl   Itll definitely be nominated for goldenglobes   GoldenGlobes,
95,chernobyl,DxrkenedSoulz So you can measure radiation levels chernobyl,
96,chernobyl%20ghosts%20haunting%20pripyat%20radiation,UFOs Over Chernobyl And The Ghosts of Pripyat The Facts The Theories And The Conspiracies   haunting pripyat radiation,
97,chernobyl,Watching Chernobyl Mini series HBO hbomax,
98,fall%20chernobyl%20prypiat,Just another beautiful day in the Chernobyl zone fall chernobyl prypiat,
99,radioactiveisotopes%20germany%20chernobyl,Radioactiveisotopes of cesium were found in wild mushrooms in Germany 35 years after the accident at the Chernobyl nuclear power plant,0
100,chernobyl,Some pics of the Chernobyl trip I did last month  Do you feel the unique atmosphere of this place,0
101,techno%20chernobyl%20adelaide%20u2xradio%20u2fans%20shaunswalue%20adelaidetechno%20duga%20u2worldexclusive%20u2australia,DJ set from Chernobly howiebpoems  pauloakenfold U2 techno Chernobyl adelaide u2xradio U2fans shaunswalue adelaidetechno duga u2worldexclusive u2australia,-1
102,ppe%20chernobyl,HoppySaul As I_e said many times you wouldn_ catch me inside an school without adequate PPE  Like the men sent to kick the radioactive rubble off the roof in Chernobyl EDUCATION STAFF HAVE BEEN SACRIFICED to perpetuate a lie  TVNaga01 bbc5live nadhimzahawi NEUnion peterkyle,0
103,fukushima%20chernobyl,PeterMcCormack love the show Was listening to PrestonPysh amp Marty kept going on about how clean nuclear energy is Fukushima Chernobyl not a word,0
104,chernobyl%20tvtime,Ive just watched episode S01  E03 of Chernobyl chernobyl    tvtime,0
105,chernobyl,Chernobyl series is definitely one of my favorites SamandColby ColbyBrock SamGolbach,0
106,chernobyl,SarmanBrohi Its worst industrial disaster  Chernobyl,0
107,chernobyl,Chernobyl_ radioactive material lingered in forests as their ecosystems recycled nutrients more efficiently this is why wild mushrooms show contamination for far longer than other agricultural products  Read more,0
108,mushrooms%20meat%20germany%20ukraine%20chernobyl,Thirty years later radioactive contamination from the Chernobyl reactor can still be found in mushrooms and wild game  mushrooms  meat  Germany  Ukraine  Chernobyl,0
109,german%20mushrooms%20chernobyl,Three decades on german mushrooms still show imprint of Chernobyl,0
110,facebookwhistleblower%20chernobyl,This meme is too good not to share facebookwhistleblower  Chernobyl,0
111,chernobyl,That fucking pitch gets worse every season Chernobyl,0
112,chernobyl,Wild Images Show Scientists Training Robots to Clean Up Chernobyl_ Waste,0
113,nuclearsafety%20japan%20chernobyldisaster%20chernobyl%20chernobyl2016%20nucleardisasterfukushimachernobyl,nuclearsafety of Japan is full of deception and defect ChernobylDisaster Chernobyl Chernobyl2016 nucleardisasterfukushimachernobyl,0
114,germanmushrooms%20chernobyl,Three decades on Germanmushrooms still show imprint of Chernobyl,0
115,chernobyl%20fukashima,Sataholic votewithyourfi1 cwtnews Bit risky tbh probably best just to place all toxic waste at the two current black spots chernobyl fukashima build a granite wall around both sites 500m deep,0
116,chernobyl%20whatisthecostoflies,Via chernobylstatus   also Reuters that is a picture of a FROG  Chernobyl WhatIsTheCostOfLies,0
117,indiedev%20indiegame%20indiegamedev%20gamedev%203d%20firstperson%20horror%20survival%20chernobyl%20rpg%20fps,Chernobylite by TheFarm51  An SF survival horror RPG Travel to the Chernobyl exclusion zone  realistically recreated from 3D scans  and take on the role of physicist Igor  indiedev indiegame indiegamedev gamedev 3D firstperson horror survival chernobyl rpg fps,0
118,renewable_powered%20lowerinstinctcripples%20genitals%203mileisland%20chernobyl%20fukushima,Brazzers  Is Your serverfarm renewablepowered  Do You LowerInstinctCripples use Your brains for thinking or Your genitals which should rot off if 3mileisland Chernobyl  Fukushima,0
119,renewable_powered%20lowerinstinctcripples%20genitals%203mileisland%20chernobyl%20fukushima,Brazzers NikitaReznikova KeiranLee Is Your serverfarm renewablepowered  Do You LowerInstinctCripples use Your brains for thinking or Your genitals which should rot off if 3mileisland Chernobyl  Fukushima,0
120,renewable_powered%20lowerinstinctcripples%20genitals%203mileisland%20chernobyl%20fukushima,Brazzers RachelStarrxxx AlexLegendxXx Is Your serverfarm renewablepowered  Do You LowerInstinctCripples use Your brains for thinking or Your genitals which should rot off if 3mileisland Chernobyl  Fukushima,0
121,renewable_powered%20lowerinstinctcripples%20genitals%203mileisland%20chernobyl%20fukushima,Brazzers victoriacake3x SlayherJax TheDanFerrari ItsMichaelVegas Is Your serverfarm renewablepowered  Do You LowerInstinctCripples use Your brains for thinking or Your genitals which should rot off if 3mileisland Chernobyl  Fukushima,0
122,renewable_powered%20lowerinstinctcripples%20genitals%203mileisland%20chernobyl%20fukushima,Brazzers cutelunastar MickBluexxx hollyrandall Is Your serverfarm renewablepowered  Do You LowerInstinctCripples use Your brains for thinking or Your genitals which should rot off if 3mileisland Chernobyl  Fukushima,0
123,chernobyl,OMFG Im going to Chernobyl,0
124,chernobyl%20coldwar%20sunset,An aerial shot of the former topsecret Soviet Union radar located in the Chernobyl zone Chernobyl coldwar sunset,0
125,gatecity%20police%20traffic%20accident%20signal13%20firstresponders%20‡∏£‡_‡∏_‡∏__‡∏≤‡∏°‡∏__‡∏≤‡_‡∏__%20big2021%20lazada1010%20ÿßÿ≥ÿπÿØ_lÿßÿ®ÿß%20earthquake%20belfra%20venmome,When life tries to hit you with the unexpected GateCity Police Stay Alert Stay Alive Complacency kills traffic accident signal13 FirstResponders ‡∏£‡_‡∏_‡∏__‡∏≤‡∏°‡∏__‡∏≤‡_‡∏__ Big2021 Lazada1010 ÿßÿ≥ÿπÿØlÿßÿ®ÿß earthquake BELFRA venmome,0
126,earthquake%20tokyo%20japan%20incident%20accident%20collapsed,earthquake Tokyo Japan incident accident collapsed An earthquake with a magnitude of 61 hit Tokyo the weather service said The epicenter is located in close proximity to the city at a depth of 80 km,1
127,breakingnews%20accident%20barabanki%20earthquake%20spirit,BreakingNews  Major ACCIDENT was reported in barabanki Around 12 people ded amp 32 people were serious njured when the bus collided with the truck Deep condolences to those who lost their families amp I pray to Jagjanani 4 D speedy recovery of the injured  earthquake Spirit,1
128,earthquake%20collapsed%20accident%20pakistan,earthquake collapsed accident A powerful earthquake rocked Pakistan tonight At this time people were still asleep Hundreds of houses collapsed due to tremors many children were killed,1
129,camping%20survival%20family%20earthquake%20stormhour%20survivor%20wildfire%20naturaldisaster%20accident%20disaster%20mountain%20emergency%20sos,Whether you_e packing to go camping or preparing a survival kit for your family our sleeping bag is one item you cannot miss      earthquake StormHour Survivor wildfire naturaldisaster Accident disaster mountain Emergency SOS,0
130,emergency%20flooding%20wildfire%20earthquake%20tornado%20hurricane%20accident%20survival%20alert%20storm,Need a flashlight in case of a disaster Preparing yourself for a power outage  Be ready for any unpredictable Emergency  with our solar amp crank radio  charger     flooding wildfire earthquake tornado Hurricane Accident survival ALERT storm,0
131,earthquake%20accident%20incident%20explosion%20california,earthquake accident incident explosion Carson Refinery is on fire Los Angeles County California Perhaps this is the aftermath of an earthquake,1
132,kia%20accident%20earthquake,KIA ACCIDENT earthquake KIA seltos broken into two pieces like not even our toy did eva,1
133,traffic%20accident%20rescue%20earthquake%20disaster%20accidentdisaster%20integration%20rescue,Hand Hydraulic Combi Tool Cutter And Spreader   Traffic accident rescue earthquake disaster  accidentdisaster integration RESCUE,0
134,traffic%20accident%20rescue%20earthquake%20disaster%20accidentdisaster%20integration%20rescue,Hand Hydraulic Rescue Combi Tool Cutter And Spreader   Traffic accident rescue earthquake disaster  accidentdisaster integration RESCUE,0
135,accident%20smapster%20accidents%20earthquake%20earthquakes%20house%20mad%20madness%20fight%20fighting%20fightthegoodfight%20fightlife%20fighterlife%20fights%20fightclub%20fighter%20fightvideos%20fightme%20fightforyourrights%20fightforit%20door%20building%20buildersofig%20build,We had a Small Accident  Smapster accidents Earthquake earthquakes house mad madness fight fighting fightthegoodfight fightlife fighterlife fights FightClub fighter fightvideos fightme fightforyourrights fightforit door building buildersofig build,0
136,earthquake%20riots%20accident%20nationalstricks%20covid_19,TC staff of IR has stood by duty even during earthquake riots ACCIDENT nationalstricks and Covid19,0
137,japan%20earthquake%20accident%20america%20american%20electric%20fukushima%20government%20japanese%20minister%20powerplant%20president%20primeminister%20resilience%20selfdefense%20tokyo%20unitedstates%20whitehouse,Joint Message on Passing of 10 Years Since Great East Japan Earthquake    Accident America American Electric Fukushima Government Japanese Minister PowerPlant President PrimeMinister Resilience Selfdefense Tokyo UnitedStates WhiteHouse,0
138,onthisday%20earthquake%20japan%20tsunami%20nuclear%20accident%20silicones,OnThisDay 90 magnitude Earthquake strikes Japan triggering a Tsunami causing the second worst Nuclear Accident in history 2011  Birth Anniversary of James Franklin Hyde 1903  called the _ather of Silicones,0
139,anniversary%20japan%20earthquake%20accident%20aircraft%20american%20departmentofstate%20disaster%20humanitarian%20hurricane%20japanese%20missing%20operation%20resilience%20security%20tsunami%20unitedstates,10th Anniversary of Great East Japan Earthquake    Accident Aircraft American DepartmentOfState Disaster Humanitarian Hurricane Japanese Missing Operation Resilience Security Tsunami UnitedStates,0
140,fukushima%20disaster%20accident%20america%20american%20americansocietyofagronomy%20anniversary%20chemical%20earthquake%20environment%20government%20livestock%20powerplant%20radioactive%20research%20unitedstates,What are longterm effects of Fukushima Disaster on local agronomy    Accident America American AmericanSocietyOfAgronomy Anniversary Chemical Earthquake Environment Government Livestock PowerPlant Radioactive Research UnitedStates,0
141,vehicle%20road%20earthquake%20crushed%20california%20survivors%20transportation%20disasters%20accident%20podcast,The Cypress Freeway I880  Part 1 Image of the collapse of the Cypress Bridge  You can listen here or on any other podcast app  Part 1    vehicle road earthquake crushed california survivors transportation disasters accident podcast,0
142,vehicle%20road%20earthquake%20crushed%20california%20survivors%20transportation%20disasters%20accident%20podcast,The Cypress Freeway I880  Part 1 Image of the collapse of the Cypress Bridge  You can listen here or on any other podcast app  Part 1    vehicle road earthquake crushed california survivors transportation disasters accident podcast,0
143,vehicle%20roaddisaster%20earthquake%20crushed%20california%20transportation%20transport%20disasters%20accident%20podcast,The Cypress Freeway I880  Part 1 Image of the collapse of the Cypress Bridge  You can listen here or on any other podcast app  Part 1    vehicle roaddisaster earthquake crushed california transportation transport disasters accident podcast,0
144,walkway%20path%20transportation%20trainstation%20train%20vehicle%20terminal%20car%20automobile%20sidewalk%20pavement,Walkway Path Transportation TrainStation Train Vehicle Terminal Car Automobile Sidewalk Pavement switzerlandtram,0
145,train%20tuesdaymotivations%20emmanuel%20essence%20tinubu%20lagos,This Platform has raised zeroes to heroes 100 SURE FIXED TIPS  is the moving Train and nothing can stop us until we reach our final destination   GERMANYFIXED  tuesdaymotivations Emmanuel  Essence Tinubu Lagos,0
146,chootuesday%20train%20traintravel%20railway%20trainspotting%20railfan%20railfans%20trainvideo%20ªË_%20__,Still havent heard the last of chooTuesday yall  just wont be as regular as it was when I lived in Jland Heres an EMR Intercity leaving Sheffield last week train traintravel railway trainspotting railfan railfans  trainvideo,0
147,train%20tuesdaymotivations%20emmanuel%20essence%20tinubu%20lagos,This Platform has raised zeroes to heroes 100 SURE FIXED TIPS  is the moving Train and nothing can stop us until we reach our final destination   Emmanuelbest506  tuesdaymotivations Emmanuel  Essence Tinubu Lagos,0
148,train%20nursery,WryEm1 STILLTish AyoCaesar 1527 what we do we train the young people themselves to be activists  amp campaigners amp we call that Pride Youth Network   nursery classroom   taking those limitations from the environment right from the get go 2143,0
149,train,THE MOST 80s 90s VARIETY  Hey Soul Sister  Train NO COMMERICALS EVER,0
150,trains%20locomotive%20railroad%20railway%20train%20railfan%20railroads,Source    trains locomotive railroad railway train railfan railroads,0
151,trains%20locomotive%20railroad%20railway%20train%20railfan%20railroads,Source    trains locomotive railroad railway train railfan railroads,0
152,gym%20diet%20workout%20fit%20train,For online coaching workout programs and meal plans go to   gym diet workout fit train,0
153,herrfilmkornontour%20elok%20eisenbahn%20traingeek%20train,Bavarian EP5 in period IIa livery later got DRG E52  HerrFilmkornOnTour elok eisenbahn traingeek train,0
154,corbininjapan%20japan%20shiga%20shigaprefecture%20keihan%20keihanrailway%20train%20weather%20hot%20summer%20fall%20icantbelieveitsnotfall,CorbinInJapan Japan Shiga ShigaPrefecture Keihan KeihanRailway Train Weather hot Summer Fall ICantBelieveItsNotFall  Shiga Prefecture,0
155,train%20gregsanswers,Woofin Good TRAIN up close gregsanswers,0
156,neon%20train%20raidtrain%20dance,Come ride the Neon train with Rave Not Riots 80s RaidTrain Party starts at 130PM EDT1030AM PDT Come dance,0
157,uk%20railway%20train,GB Railfreight names Class 66 locomotive to celebrate Bescot LDC upgrades   uk railway train,0
158,uk%20railway%20train,Flintshire man jailed after hate crime incidents at Llandudno and Colwyn Bay   uk railway train,0
159,tri%20train%20trisurrey,Time train   Don_ talk just act Don_ say just show Don_ promise just prove      tri train trisurrey,0
160,quintadeventozelo%20dourowineregion%20portugal%20unescoworldheritagesite%20fujifilm_xseries%20fujifilm_es%20fujifilm%20xs10%20photography%20ventozelo%20douro%20train,Magical Ways to be Transported at Ventozelo  quintadeventozelo dourowineregion portugal unescoworldheritagesite series 92021 Bridge of Transformation  passage to a new life   fujifilmxseries fujifilmes fujifilm XS10 photography ventozelo douro train,0
161,train,All clear     train was there for 6 minutes  train,0
162,train,Train alert   train,0
163,couplegoals%20youandi%20mrandmrs%20touristmode%20romanticshot%20train%20chattanooga%20loveisintheair%20nightphotography%20fallvibes,My one and only              couplegoals youandi mrandmrs touristmode romanticshot train chattanooga loveisintheair nightphotography fallvibes en Chattanooga Choo Choo,0
164,googoodolls%20miraclepill%20train%20concert%20concertphotography%20music%20musicphotography%20johnnyrzeznik%20robbytakac%20bradfernq,Goo Goo Dolls at the woodlandspavilion in Houston  The Woodlands 62819 googoodollsofficial johnrzeznikggd absolutegoopics googoodolls miraclepill train concert concertphotography music musicphotography johnnyrzeznik robbytakac bradfernq,0
165,modeltrains%20modelrailway%20modeltrain%20train%20railway%20traintuesday%20graemesrailway,Things always look a little different when you ride the train at night    ModelTrains ModelRailway ModelTrain Train Railway TrainTuesday GraemesRailway,0
166,uk%20railway%20train,RAIB release investigation findings into derailment at Sheffield station   uk railway train,0
167,uk%20railway%20train,Lumo names Harvey Price as Diversity and Inclusion Ambassador   uk railway train,0
168,japan%20train,A train runs by at dusk Its a scene that somehow signals the end of the day Sotobo Line Chiba Prefecture Japan Train,0
169,train,No more train      train was there for 5 minutes  train,0
170,train%20travel,Not sure about Riding the Rails Here are 5 reasons youre going to love Train Travel,0
171,train,Train alert   train,0
172,train,Train is gone     train was there for 20 minutes  train,0
173,uk%20railway%20train,Greater Anglia adds extra trains as Ipswich football club head to Cambridge   uk railway train,0
174,train,Train spotted   train,0
175,trainspotting%20railway%20rail%20train,Wish comes true for five year old from London thanks to South Western Railway   trainspotting railway rail train,0
176,pumpkinpatch%20mypumpkins%20mybabies%20fall%20october%20halloween%20autumn%20train%20fallvibes%20spookyseason%20familyouting%20pumpkinpicking,Pumpkin patch season is here    pumpkinpatch mypumpkins mybabies fall october halloween autumn train fallvibes spookyseason familyouting pumpkinpicking,0
177,train,Dont miss the train,0
178,train%20pointofrocks%20fineartamerica%20contest%20art,Train Station At PointOfRocks won 1st in the  FineArtAmerica contest TRAIN STATIONS held by the Weekly Photography Challenge group 109  Tnks to the contest admin Sharon Popek ampall who voted for my image  Congratz to the other winners   art,0
179,trainspotting%20railway%20rail%20train,Memorial garden to be created in Aldgate to pay tribute to London keyworkers lost during pandemic   trainspotting railway rail train,0
180,vehicle%20train%20transportation%20cablecar%20tram%20trolley%20streetcar%20human%20person,Mini train Isle of Man  Vehicle Train Transportation CableCar Tram Trolley Streetcar Human Person,0
181,railroad%20train%20trains,I have found out that there ain_ no surer way to find out whether you like people or hate them than to travel with them  railroad train trains,0
182,japan%20train%20subway,It is a list of Youtube which shot Japanese train  subway Please take a look by all means     japan train Subway,0
183,uk%20railway%20train,Watch Unbelievable CCTV footage of lorry reversing over Stoke level crossing   uk railway train,0
184,train,No more train      train was there for 6 minutes  train,0
185,travel%20lifestyle%20culture%20photography%20estate%20cigars%20fashion%20style%20la%20california%20wilshire%20metro%20subway%20train%20bus%20cars,Wilshire  Western Station  Travel lifestyle culture photography estate cigars fashion style LA California wilshire metro subway train bus cars,0
186,train,Train spotted   train,0
187,uniball%20stayonpoint%20actor%20purpose%20uk%20bame%20actorslife%20indian%20commercial%20advertising%20pens%20solidarity%20uniballpen%20act%20life%20livelife%20journey%20drama%20love%20newnormal%20actingagents%20cast%20casting%20london%20tube%20train%20original,Staying on point with Uniball     Uniball stayonpoint Actor purpose uk BAME  actorslife indian commercial advertising  pens solidarity uniballpen Act life livelife journey Drama love newnormal actingagents cast casting london tube train original,0
188,trainspotting%20railway%20rail%20train%20travel%20deanforest%20heritage%20steam%20steamtrain,In 2020 the Dean Forest Railway Society DFRS planned to celebrate the 50th anniversary of its formation as a preservation society   trainspotting railway rail train travel DeanForest heritage steam steamtrain,0
189,realagility%20scrum%20agile%20kanban%20business%20ceo%20education%20development%20coach%20train%20consult%20canada%20berteig%20manager,LINK ITS TIME TO KILL PERFORMANCE REVIEWS  Read More    RealAgility scrum agile kanban business ceo education development coach train consult canada berteig manager,0
190,train,The train has retreated for now      train was there for 2 minutes  train,0
191,train,Train spotted   train,0
192,train,Train is gone     train was there for 4 minutes  train,0
193,prevent%20train%20policy%20school,Active shooting drills cause harm emphasizing reactive responses to shootings Proactive training like creating Crisis Teams can prevent shootings from occurring More policy recommendations and training   train policy school,0
194,train,I see the train   train,0
195,warcraftart%20warcraft%20blender3d%20blender%20blenderart%20train%20forsaken%20halfmecha%20mechagon,Dear friend told me to make it xD Moments before tragic   Bonus What if the lights shut down  warcraftart warcraft Blender3D blender blenderart train forsaken HalfMecha mechagon,0
196,dji%20rheinlandpfalz%20nature%20bridge%20train%20lostplace,Some weeks ago we drove to an abandoned train bridge in Germany Getting some drone shots  dji RheinlandPfalz nature bridge train lostplace,0
197,japan%20train%20shinkansen%20superexpress,It is a list of Youtube which shot Japanese bullet train Please take a look by all means     japan train Shinkansen Superexpress,0
198,train,The train has retreated for now      train was there for 1 minutes  train,0
199,train,Train spotted   train,
200,train,Train is gone      train was there for 4 minutes  train,
201,train,I see the train   train,
202,europe%20train%20interrailing,I_ young can I have a free rail pass next year too  Europe train   interrailing,
203,train,The train has retreated for now      train was there for 10 minutes  train,
204,train,Train spotted   train,
205,class387%20dmu%20train%20railway%20gwr%20photo%20photooftheday%20photograph%20reading%20berkshire%20uk,Hmmm is this a 158 with a coat hanger on the roof and stabilisers on the wheels All this modern tech and boxes full of which craft   Class387 DMU Train Railway GWR photo photooftheday photograph Reading Berkshire UK,
206,lner%20azuma%20train%20railway%20tractor%20arable%20arablefarming%20johndeere%20northyorkshire%20autumn2021,Favourite photo of the day lner azuma train railway tractor arable arablefarming johndeere northyorkshire autumn2021,
207,rail%20locomotive%20freight%20supplychaincrisis%20supplychain%20rates%20cargocontainers%20shipping%20receiving%20crisis%20covid19%20economy%20road%20truck%20train,I need info on RAIL rates I got word that theyve increased by a lot just these past few days anyone have info Rail Locomotive Freight supplychaincrisis Supplychain rates cargocontainers Shipping Receiving Crisis Covid19 Economy Road Truck Train,
208,train,RailwaySeva There is no seat no Write on berth  train no 02510  GHY BNC EXPRESS But in ticket i have have D286WS,
209,train,All clear      train was there for 10 minutes  train,
210,japan%20maglev%20fastest%20train%20china,Japan_ L0 Series Maglev is the fastest train in the world with a speed record of_374 mph_or_602 kmh  New York City to Montreal in less than an hour China has_half_of the eight fastest trains and the world_ largest highspeed railway network,
211,toronto%20canadian%20train%20canada,Next stop Toronto viarailcanada Canadian train Canada  Pacific Central Station,
212,train,Train spotted   train,
213,trainspotting%20railway%20news%20train%20rail%20travel%20london%20waterloo,Amtek said _ had so much fun and I learned a lot about the railway    trainspotting railway news train rail travel london waterloo,
214,train%20tree%20autumn%20leaf%20house%20architecture%20buildingexterior%20builtstructure%20sky%20fall,Piece of History Train Tree Autumn Leaf House Architecture BuildingExterior BuiltStructure Sky Fall,
215,bluebellrailway%20giantsofsteam%20clanline%20steam%20train,Short video from bluebellrailway Giants of Steam gala starring ClanLine28 amp Cheltenham Friday 8th October 2021   via YouTube BluebellRailway GiantsofSteam ClanLine Steam Train,
216,train,All clear      train was there for 4 minutes  train,
217,train,I see the train   train,
218,train,No more train     train was there for 11 minutes  train,
219,sunset%20train,Picture of sunset while i was on my way home from getting a car train,
220,roh%20prowrestling%20train%20school,Practice is tomorrow starting at 4pm with Coach mhollow3 Then our special guest instructor ROH star brianmilonas will be teaching 67pm This will be a session you will not want to miss All experience levels are welcome ProWrestling Train School,
221,india%20elephants%20india%20elephants%20train,SheldrickTrust PeterEgan6 rickygervais Amtrak AmtrakAlerts AmtrakNECAlerts AmtrakOIG AmtrakVacations AmtrakCascades SanJoaquins   Sign Petition  And Retweet    INDIA KEEPS  KILLING  ELEPHANTS   India  Keeps KILLING elephants  train collisions,
222,train,Train spotted   train,
223,prepmasters%20train%20microsoft,At PrepMasters USA we TrainTheTrainers who Train the Trainees  Certified TrainTheTrainer Online Courses approved by Microsoft,
224,train%20garagestrong%20selfcare,Alternating reverse lunges super set with KB rows Finished with sets of dead bugs Train GarageStrong SelfCare,
225,train,Train is gone      train was there for 5 minutes  train,
226,nerd%20geek%20railway%20alstom%20train,NERD amp GEEK CORNER  Winner of the European Railway Award 2021 the Coradia iLint by Alstom is a Safe Reliable and Very Low Polluting impact vehicle Its the Worlds First HydrogenPowered Passenger Train Hydrogen is the Future,
227,zues%20csgo%20train%20faceit,I JUST LOVE TROLLING WITH ZUES xD idc zues csgo TRAIN FACEIT,
228,train,I see the train   train,
229,train,No more train      train was there for 5 minutes  train,
230,train,Train alert   train,
231,bus%20train%20transport%20covid19%20cop26%20climateemergency,PeterTatchell GreenPartyMolly AmeliaWomack GreenJennyJones tamsinomond JeanLambertLDN AdrianRamsay carladenyer GreenRupertRead Yes but rail must be cheapreliable and clean Public transport has to make condition of carriage to wear a face mask and enforce bus train transport covid19 COP26 ClimateEmergency,
232,furniture%20steam%20lmg%20gamedev%20simulator%20train%20gaming%20sandbox%20game,Potted plants will go here and the desk perhaps over there   In Train Station Renovation you can arrange the furniture just the way you like it   Get the game on Steam now     LMG playway gamedev simulator train gaming sandbox game,
233,train%20station%20metro%20city%20cityscape%20cityscapephotography%20cityphotography%20landscape%20landscapes%20landscapephotography%20fields%20sky%20analogic%20500px%2030secondsmedialab%20photos%20photography%20photo,Analogic Far Station  Cityscape train station metro city cityscape cityscapephotography cityphotography landscape landscapes landscapephotography fields sky analogic 500px 30secondsmedialab photos photography photo,
234,train,The train has retreated for now     train was there for 5 minutes  train,
235,train,I see the train   train,
236,nalgonda%20telangana%20train,KTRTRS Provide atleast roads in nalgonda Provide Express Local Train service from Nalgonda to Hyderabad   nalgonda telangana train,
237,toy%20train%20pull%20magnet,Check out Steam Train Pull Back Locomotive Carriage Alloy Music LED Toy Train New for Kids    via eBay   toy train pull MAGNET,
238,text%20backward%20train%20vryhteisell√§matkalla%20helsinki%20finland%20instagram,Emoclew in the evening text backward train vryhteisell√§matkalla helsinki finland   instagram,
239,sport%20talent%20run%20nike%20adidas%20puma%20football%20basketball%20volley%20olympics%20competition%20gym%20news%20tennis%20ball%20motivation%20music%20health%20benefit%20train%20hardwork%20supreme,Luka Modric Croatia  Real Madrid 36 Years Old  Still Young   sport talent run nike adidas puma football basketball volley olympics competition gym news tennis ball motivation music health benefit train hardwork supreme,
240,train,What if  train,
241,jharkhand%20sheep%20train%20accident%20palamu%20railwaytrack,Jharkhand 80 Sheep Crushed to Death by Goods Train While Crossing Railway Track in Palamu District   Jharkhand Sheep Train Accident Palamu RailwayTrack,
242,kamloops%20train%20drm%20mnb,Dr M MNB kamloops train grafart  drm mnb,
243,corona%20coronavirus%20impfdurch%20impfenschuetzt,How it started  how its going  Corona Coronavirus Impfdurch ImpfenSchuetzt,
244,news%20covid19%20breakingnews%20journalism%20follow%20corona%20like%20lockdown%20trending%20latestnews%20politics%20article%20press%20community%20melbourne%20australia%20multilingual%20multicultural%20radio%20greek%20vaccine,MULTILINGUAL NEWS SERVICE GREEK 12 October 21  news covid19 breakingnews  journalism follow corona like lockdown trending  latestnews politics article press community melbourne Australia multilingual multicultural radio greek vaccine,
245,durgapuja%20corona%20maskup,Enjoy the festivity DurgaPuja but maintain protocol Corona MaskUp,
246,coronavirus%20covid19%20corona%20comedy%20politics%20politicslive%20houseofcommons%20boris%20borisjohnson,Ahhh of course So this is the reason Boris Johnsons decided to go on holiday   coronavirus COVID19 Corona comedy politics politicslive houseofcommons Boris BorisJohnson,
247,covid19%20corona,What are the Current symptoms for COVID19 Corona in Tamil Nadu  Subramanianma TRBRajaa Udhaystalin,
248,impfdurch%20corona%20coronavirus%20impfenschuetzt,How it started  how its going  Impfdurch Corona Coronavirus ImpfenSchuetzt,
249,who%20corona,WHO experts supported the third dose of Corona  vaccine for these people,
250,corona%20coronavirus%20vaccine%20vax,No one has right to mandate corona coronavirus vaccine vax,
251,corona%20covid_19%20germany%20rki%20vaccinations,Germany stops offering free corona tests  Corona Covid19  Germany RKI vaccinations   Read More,
252,britain%20corona%20news%20primeministerborisjohnson%20uk,Britains fight against the coronavirus is one of the biggest failures in history This has emerged as the biggest health problem of the last 100 years and it has exposed the government machinery  Britain Corona News PrimeMinisterBorisJohnson UK,
253,covid_19%20covidvaccine%20corona,UP Covid Update  Fresh cases 20 Active cases 145 Tests yesterday 143435 Vaccination 1457228 Discharges 17 Recovery rate 988 Total Vaccination 116555031 doses  Total Samples tested  80605946  Covid19 Covidvaccine Corona,
254,coronavirus%20covid19%20covid2019%20covid2020%20covid19pandemic%20coronaupdate%20coronavirusoutbreak%20covid19usa%20covid_19%20corona%20covid19us%20covid19uk,Coronavirus Covid19  World Daily Report 10112021  More insights    coronavirus COVID19  COVID2019 COVID2020 COVID19Pandemic CoronaUpdate CoronavirusOutbreak Covid19usa Covid19 corona covid19us covid19uk,
255,corona%20dictature%20savetheworld,CarnivoreSapien Kallipygos4 libsoftiktok joerogan I guess the whole world is a North Korea if not right now then soon  Corona Dictature SaveTheWorld,
256,volcanic%20ash%20ecuador%20volcano%20sangay%20volcanic%20ash,Here is the latest volcanic ash advisory for Ecuador volcano Sangay stating an end of volcanic ash emissions,
257,volcanic%20ash%20ecuador%20volcano%20reventador,Here is the latest volcanic ash advisory for Ecuador volcano Reventador,
258,volcanic%20ash%20mexico%20volcano%20popocatepetl,Here is the latest volcanic ash advisory for Mexico volcano Popocatepetl,
259,volcanic%20ash%20columbia%20volcano%20ruiz,Here is the latest volcanic ash advisory for Columbia volcano Ruiz,
260,volcanic%20ash%20guatemala%20volcano%20fuego,Here is the latest volcanic ash advisory for Guatemala volcano Fuego,
261,volcanic%20ash%20ecuador%20volcano%20reventador,Here is the latest volcanic ash advisory for Ecuador volcano Reventador,
262,volcanic%20ash%20ecuador%20volcano%20sangay,Here is the latest volcanic ash advisory for Ecuador volcano Sangay,
263,volcanic%20ash%20lapalma%20cumbrevieja%20volcano,It is raining volcanic ash in Los Llanos LaPalma  CumbreVieja volcano,
264,kilauea%20weather%20satellites%20smoke%20ash%20volcanic%20vog%20halemaumau,As Kilauea continues to erupt weather satellites are able to detect the plume of smoke ash volcanic gas and vog all spewing from within the Halemaumau Crater,
265,volcanic%20ash%20ecuador%20volcano%20sangay,Here is the latest volcanic ash advisory for Ecuador volcano Sangay,
266,volcanic%20ash%20volcanic%20ash%20mexico%20volcano%20popocat√©petl,Here is the latest volcanic ash advisory stating an end of volcanic ash emissions with steam and gas emission observed for Mexico volcano Popocat√©petl,
267,volcanic%20ash%20ecuador%20volcano%20reventador,Here is the latest volcanic ash advisory for Ecuador volcano Reventador,
268,volcanic%20ash%20guatemala%20volcano%20fuego,Here is the latest volcanic ash advisory for Guatemala volcano Fuego,
269,volcanic%20ash%20mexico%20volcano%20popocatepetl,Here is the latest volcanic ash advisory for Mexico volcano Popocatepetl,
270,volcanic%20ash%20ecuador%20volcano%20reventador,Here is the latest  volcanic ash advisory for Ecuador volcano Reventador,
271,volcanic%20ash%20ecuador%20volcano%20reventador,Here is the latest volcanic ash advisory for Ecuador volcano Reventador,
272,volcanic%20ash%20guatemala%20volcano%20fuego,Here is the latest volcanic ash advisory for Guatemala volcano Fuego,
273,volcanic%20ash%20volcanic%20ash%20mexico%20volcano%20popocatepetl,Here is the latest volcanic ash advisory stating an end of volcanic ash emissions for Mexico volcano Popocatepetl,
274,volcanic%20ash%20ecuador%20volcano%20reventador,Here is the latest volcanic ash advisory for Ecuador volcano Reventador,
275,volcanic%20ash%20guatemala%20volcano%20fuego,Here is the latest volcanic ash advisory for Guatemala volcano Fuego,
276,microbes%20lava%20extraterrestrial%20biodiversity%20lithoautotrophy%20space%20astrobiology%20microorganisms%20biology%20ecology%20geology%20nutrients%20chemistry%20science,Researchers explore microbes in lava caves to offer insights into extraterrestrial life in new JGRBiogeo article    biodiversity lithoautotrophy space astrobiology microorganisms biology ecology geology nutrients chemistry science,
277,lapalma%20cumbrevieja%20canaryislands%20canarias%20grancanaria%20lapalmavolcan%20volcancumbrevieja%20espa√±a%20volcano%20volcan%20lava,Do Not Worry  For  A Tailor Tears Apart A Garment in Order to Make A New Dress  For  An Engineer Destroys A Building In Order to Rebuild A New Building  LaPalma CumbreVieja CanaryIslands Canarias GranCanaria LaPalmavolcan volcanCumbreVieja Espa√±a  volcano volcan Lava,
278,lapalma%20cumbrevieja%20canaryislands%20canarias%20grancanaria%20lapalmavolcan%20volcancumbrevieja%20espa√±a%20spain%20volcano%20volcan%20lava,Passion for Cooking Cheff   LaPalma CumbreVieja CanaryIslands Canarias GranCanaria LaPalmavolcan volcanCumbreVieja Espa√±a Spain volcano volcan lava,
279,lapalma%20update%20lava%20factory%20causes,LaPalma Volcano Update New Lava Arm Nears Sea  Factory Fire Causes Lo   via YouTube,
280,lapalma%20cumbrevieja%20canaryislands%20canarias%20grancanaria%20lapalmavolcan%20volcancumbrevieja%20espa√±a%20spain%20volcano%20volcan%20lava,An Acolyptic Scene at the Ocean of La Lalma where lava finally drops  LaPalma CumbreVieja CanaryIslands Canarias GranCanaria LaPalmavolcan volcanCumbreVieja Espa√±a Spain volcano volcan lava,
281,lapalma%20cumbrevieja%20canaryislands%20canarias%20grancanaria%20lapalmavolcan%20volcancumbrevieja%20espa√±a%20spain%20volcano%20volcan%20lava,This is the area destroyed by new lava flow after 9 October 2021  LaPalma CumbreVieja CanaryIslands Canarias GranCanaria LaPalmavolcan volcanCumbreVieja Espa√±a Spain volcano volcan lava,
282,lapalma%20cumbrevieja%20canaryislands%20canarias%20grancanaria%20lapalmavolcan%20volcancumbrevieja%20espa√±a%20spain%20volcano%20volcan%20lava,A summary of Seismic Activity at La Palma  LaPalma CumbreVieja CanaryIslands Canarias GranCanaria LaPalmavolcan volcanCumbreVieja Espa√±a Spain volcano volcan lava,
283,lava,Fun before bed Youngest playing ukulele and all joining in for the song lava everyone needs someone to lava,
284,video%20drone%20footage%20shows%20lava%20rolling%20palma%20volcano,Video Drone footage shows lava rolling down La Palma volcano Video Drone footage shows lava rolling Palma_volcano,
285,furry%20furrywolf%20warrior%20hero%20superhero%20werewolf%20wolf%20wolfman%20fire%20lava%20lighthing%20drawing,Lucas in his wolf  form getting ready for battle  to fight off evil and save his friends furry furrywolf  warrior hero superhero  werewolf wolf wolfman fire lava lighthing drawing,
286,eruption%20icelandvolcano%20lava%20volcano%20geldingadalir%20iceland%20fagradalsfjall%20keilir,Who wobbled the instrument today and made it inoperable again  twinderseis  Footage  Ve√∞urstofa _sland amp    eruption icelandvolcano lava volcano geldingadalir iceland fagradalsfjall keilir,
287,lava,lava  scary view,
288,erupci√≥nlapalma%20lapalma%20cumbrevieja%20canaryislands%20canarias%20grancanaria%20lapalmavolcan%20volcancumbrevieja%20espa√±a%20spain%20volcano%20volcan%20lava%20lapalma,Update of Erupci√≥nLaPalma with the latest data LaPalma CumbreVieja CanaryIslands Canarias GranCanaria LaPalmavolcan volcanCumbreVieja Espa√±a Spain volcano volcan lava_lapalma,
289,eruption%20icelandvolcano%20lava%20geldingadalir%20iceland%20fagradalsfjall%20keilir,No special incidents due to the volcano Apart from the hiker on the volcano  and downward trend of trembling   Footage  Ve√∞urstofa _sland amp   eruption icelandvolcano lava geldingadalir iceland fagradalsfjall keilir,
290,lava,I want someone to lava,
291,lapalma%20cumbrevieja%20canaryislands%20canarias%20grancanaria%20lapalmavolcan%20volcancumbrevieja%20espa√±a%20spain%20volcano%20volcan%20lava,The new lava flow causes a _remendous destruction on La Palma Volcano Cumbre Vieja Canary Islands LaPalma CumbreVieja CanaryIslands Canarias GranCanaria LaPalmavolcan volcanCumbreVieja Espa√±a Spain volcano volcan_lava,
292,lapalma%20cumbrevieja%20canaryislands%20canarias%20grancanaria%20lapalmavolcan%20volcancumbrevieja%20espa√±a%20spain%20volcano%20volcan%20lava,New Sulphirc Cloud from la Palma volcano Cumbre Vieja  Canary Islands that is so huge LaPalma CumbreVieja CanaryIslands Canarias GranCanaria LaPalmavolcan volcanCumbreVieja Espa√±a Spain volcano volcan_lava,
293,visualdevelopment%20conceptdesign%20conceptart%20illustration%20characterdesign%20sciencefiction%20scifiart%20scififantasy%20scifi%20keyframe%20nft%20nftart%20nftartist%20unsplash%20lava,The Only Way Out Is Through Keep Pushin visualdevelopment conceptdesign conceptart illustration characterdesign sciencefiction scifiart scififantasy scifi keyframe nft nftart nftartist unsplash lava,
294,lapalmavolcan%20lapalma%20cumbrevieja%20canaryislands%20canarias%20grancanaria%20lapalmavolcan%20volcancumbrevieja%20espa√±a%20spain%20volcano%20volcan%20lava%20canaries%20laspalmas%20erupcionenlapalma,Seismic activity in LaPalmavolcan  In the 24 hours more than 120 earthquakes have been registered  LaPalma CumbreVieja CanaryIslands Canarias GranCanaria LaPalmavolcan volcanCumbreVieja Espa√±a Spain volcano volcan lava Canaries LasPalmas ErupcionenLaPalma,
295,lapalma%20lapalma%20cumbrevieja%20canaryislands%20canarias%20grancanaria%20lapalmavolcan%20volcancumbrevieja%20espa√±a%20spain%20volcano%20volcan%20lava,First photo 4 months ago the second is from yesterday  See How the landscape has been changed by ash LaPalma  Images were taken by Edu Su√°rez  LaPalma CumbreVieja CanaryIslands Canarias GranCanaria LaPalmavolcan volcanCumbreVieja Espa√±a Spain volcano volcan lava,
296,lava%20simulcharge%20rbm%20ltm,The LAVA Tablet Manager LTM is an accompanying mobile app for use with RBMequipped SimulCharge adapters But what exactly does it do  Read our latest blog article to find out more about the LTM app      LAVA SimulCharge RBM LTM,
297,lapalma%20cumbrevieja%20canaryislands%20canarias%20grancanaria%20lapalmavolcan%20volcancumbrevieja%20espa√±a%20spain%20volcano%20volcan%20lava%20canaries%20laspalmas%20erupcionlapalma%20erupcion,This Video of explosions at Industrial Zone was recorded by Diego Acosta from his home  LaPalma CumbreVieja CanaryIslands Canarias GranCanaria LaPalmavolcan volcanCumbreVieja Espa√±a Spain volcano volcan lava Canaries LasPalmas ErupcionLaPalma Erupcion,
298,ign%20lapalma%20cumbrevieja%20canaryislands%20canarias%20grancanaria%20lapalmavolcan%20volcancumbrevieja%20espa√±a%20spain%20volcano%20volcan%20lava%20canaries%20laspalmas%20erupcionenlapalma%20erupcion,Last nights images of the advance of the laundry seen from the total station of IGN  LaPalma CumbreVieja CanaryIslands Canarias GranCanaria LaPalmavolcan volcanCumbreVieja Espa√±a Spain volcano volcan lava Canaries LasPalmas ErupcionenLaPalma Erupcion,
299,lapalma%20cumbrevieja%20canaryislands%20canarias%20grancanaria%20lapalmavolcan%20volcancumbrevieja%20espa√±a%20spain%20volcano%20volcan%20lava,Terriblel Destruction Industrial Buildings Gata alley  LaPalma CumbreVieja CanaryIslands Canarias GranCanaria LaPalmavolcan volcanCumbreVieja Espa√±a Spain volcano volcan lava,
300,lapalma%20cumbrevieja%20canaryislands%20canarias%20grancanaria%20lapalmavolcan%20volcancumbrevieja%20espa√±a%20spain%20volcano%20volcan%20lava%20canaries%20laspalmas%20erupcionenlapalma%20erupcion,Also today the Volcano Cumbre Vieja is emitted huge clouds of dark smoke like of burning coal  LaPalma CumbreVieja CanaryIslands Canarias GranCanaria LaPalmavolcan volcanCumbreVieja Espa√±a Spain volcano volcan lava Canaries LasPalmas ErupcionenLaPalma Erupcion,
301,lapalma%20cumbrevieja%20canaryislands%20canarias%20grancanaria%20lapalmavolcan%20volcancumbrevieja%20espa√±a%20spain%20volcano%20volcan%20lava%20canaries%20laspalmas,The reason behind Confinement is the release of gases from the cement Plant which was overtaken by the Lava  LaPalma CumbreVieja CanaryIslands Canarias GranCanaria LaPalmavolcan volcanCumbreVieja Espa√±a Spain volcano volcan lava Canaries LasPalmas,
302,lapalma%20cumbrevieja%20canaryislands%20canarias%20grancanaria%20lapalmavolcan%20volcancumbrevieja%20espa√±a%20spain%20volcano%20volcan%20lava%20canaries%20laspalmas,Today The Darkness Prevails on La Palma  This video was recorded from the Carretera El Hoyo Todoque in Las Manchas  LaPalma CumbreVieja CanaryIslands Canarias GranCanaria LaPalmavolcan volcanCumbreVieja Espa√±a Spain volcano volcan lava Canaries LasPalmas,
303,lapalma%20cumbrevieja%20canaryislands%20canarias%20grancanaria%20lapalmavolcan%20volcancumbrevieja%20espa√±a%20spain%20volcano%20volcan%20lava,Todays Video of Cumbre Vieja volcano La Palma  Canary Islands  Notice the massive amount of Volcanic Ash at ground  LaPalma CumbreVieja CanaryIslands Canarias GranCanaria LaPalmavolcan volcanCumbreVieja Espa√±a Spain volcano volcan lava,
304,lava,Check out VTG Art Studio Drip Lava Glaze Vase Vessel Speckled Spattered 11 Signed IS1986     via eBay lava,
305,gammadelta%20lava%20biotechnology%20immunotherapy%20celltherapy%20investing%20cancer,A Cure for Cancer Read the article below about how CART Cell Therapy is revolutionizing Oncology and how TC BioPharm are running CART clinical trials     via Labiotecheu   gammadelta LAVA biotechnology immunotherapy CellTherapy Investing Cancer,
306,volcano%20eruption%20icelandvolcano%20lava%20geldingadalir%20iceland%20fagradalsfjall%20keilir,Today morning Sunrise tour with   camera in the volcano area   Footage     eruption icelandvolcano lava geldingadalir iceland fagradalsfjall keilir,
307,lapalma%20cumbrevieja%20canaryislands%20canarias%20grancanaria%20lapalmavolcan%20volcancumbrevieja%20espa√±a%20spain%20volcano%20volcan%20lava%20canaries%20laspalmas,Another video of The lava which flows north of the Monta√±a de Todoque towards the sea Video recorded from the east   LaPalma CumbreVieja CanaryIslands Canarias GranCanaria LaPalmavolcan volcanCumbreVieja Espa√±a Spain volcano volcan lava Canaries LasPalmas,
308,lapalma%20cumbrevieja%20canaryislands%20canarias%20grancanaria%20lapalmavolcan%20volcancumbrevieja%20espa√±a%20spain%20volcano%20volcan%20lava%20canaries%20laspalmas,The lava flows calmly north of the Monta√±a de Todoque towards the sea Sometime this afternoon big show with lots of steam  LaPalma CumbreVieja CanaryIslands Canarias GranCanaria LaPalmavolcan volcanCumbreVieja Espa√±a Spain volcano volcan lava Canaries LasPalmas,
309,tropomi%20sentinel5p%20lapalma%20cumbrevieja%20canaryislands%20canarias%20grancanaria%20lapalmavolcan%20volcancumbrevieja%20espa√±a%20spain%20volcano%20volcan%20lava,Tropomi Sentinel5p  3 weeks journey of SO2 from the eruption on 09192021 to this day A Dance to the Music of Time   LaPalma CumbreVieja CanaryIslands Canarias GranCanaria LaPalmavolcan volcanCumbreVieja Espa√±a Spain volcano volcan lava,
310,spanish%20lava,Hi Pedro S√°nchez sanchezcastejon   If the Spanish government agrees cooperate with me on Twitter By the grace of God as a hero of the universe I can stop the lava through my Spirituality,
311,newsalert%20lapalmavolcan%20lava%20volcano%20pakustv%20nyc%20canaryislands%20spain%20cumbreviejavolcano%20europe,NewsAlert   LaPalmavolcan  New lava streams after volcanos cone collapses   pakustv NYC CanaryIslands Spain CumbreViejaVolcano Europe,
312,kƒ´puka%20lavaflows%20lava%20hawaiian%20vocabulary%20geology%20volcanoes,A kƒ´puka ia land surrounded by younger lavaflows an island within a sea of lava Literally translated the Hawaiian word signifies a variation or change of formone of the few Hawaiian words adopted into the vocabulary of geology   volcanoes,
313,rudrafincare%20lava%20wealth%20money,LAVA International Limited is an Indian multinational company in the Mobile handset Industry Start investing in unlisted stocks of the leading mobile company to bring up your portfolio to the top  To know more visit    rudrafincare lava wealth money,
314,lapalma%20cumbrevieja%20canaryislands%20canarias%20grancanaria%20lapalmavolcan%20volcancumbrevieja%20espa√±a%20spain%20volcano%20volcan%20lava,DIRECTO Impressive Image of Lava All the way from Volcano to the Sea La Palma volcano Cumbre Vieja Canary Islands LaPalma CumbreVieja CanaryIslands Canarias GranCanaria LaPalmavolcan volcanCumbreVieja Espa√±a Spain volcano volcan_lava,
315,lapalma%20cumbrevieja%20canaryislands%20canarias%20grancanaria%20lapalmavolcan%20volcancumbrevieja%20espa√±a%20spain%20volcano%20volcan%20lava,DIRECTO Impressive Image of Lava All the way from Volcano to the Sea La Palma volcano Cumbre Vieja Canary Islands LaPalma CumbreVieja CanaryIslands Canarias GranCanaria LaPalmavolcan volcanCumbreVieja Espa√±a Spain volcano volcan_lava,
316,ashesofcreation%20land%20lava%20space%20humankind,As the AshesofCreation  settle new land formed by lava gives hope of Space for future humankindX,
317,todoque%20iss%20lapalma%20cumbrevieja%20canaryislands%20canarias%20grancanaria%20lapalmavolcan%20volcancumbrevieja%20espa√±a%20spain%20volcano%20volcan%20lava,Glowing Lava Prints across the houses and streets of Todoque and the surrounding villages Top left the lava delta Seen from the ISS  LaPalma CumbreVieja CanaryIslands Canarias GranCanaria LaPalmavolcan volcanCumbreVieja Espa√±a Spain volcano volcan lava,
318,lapalma%20cumbrevieja%20canaryislands%20canarias%20grancanaria%20lapalmavolcan%20volcancumbrevieja%20espa√±a%20spain%20volcano%20volcan%20lava%20canaries%20laspalmas%20erupcionenlapalma%20erupcion%20erupcionlapalma%20eruption,11 Oct 2021   Images of Lava Extent from today  LaPalma CumbreVieja CanaryIslands Canarias GranCanaria LaPalmavolcan volcanCumbreVieja Espa√±a Spain volcano volcan lava Canaries LasPalmas ErupcionenLaPalma Erupcion ErupcionLaPalma Eruption,
319,lapalma%20cumbrevieja%20canaryislands%20canarias%20grancanaria%20lapalmavolcan%20volcancumbrevieja%20espa√±a%20spain%20volcano%20volcan%20lava%20canaries%20laspalmas,There is now a live stream of the lava flowing north of the Monta√±a de Todoque towards the sea Gonna take a while  LaPalma CumbreVieja CanaryIslands Canarias GranCanaria LaPalmavolcan volcanCumbreVieja Espa√±a Spain volcano volcan lava Canaries LasPalmas,
320,lapalma%20cumbrevieja%20canaryislands%20canarias%20grancanaria%20lapalmavolcan%20volcancumbrevieja%20espa√±a%20spain%20volcano%20volcan%20lava,It is not only what I have lost but also when I am going to build again or what I am going to support myself on Blanca Bashore A Psychologist  LaPalma CumbreVieja CanaryIslands Canarias GranCanaria LaPalmavolcan volcanCumbreVieja Espa√±a Spain volcano volcan lava,
321,lapalma%20cumbrevieja%20canaryislands%20canarias%20grancanaria%20lapalmavolcan%20volcancumbrevieja%20espa√±a%20spain%20volcano%20volcan%20lava,Lava on tge southern side is expanding while advancing towards the sea  It has affected the farms in the southern zone  LaPalma CumbreVieja CanaryIslands Canarias GranCanaria LaPalmavolcan volcanCumbreVieja Espa√±a Spain volcano volcan lava,
322,lapalma%20cumbrevieja%20canaryislands%20canarias%20grancanaria%20lapalmavolcan%20volcancumbrevieja%20espa√±a%20volcano%20volcan%20lava%20canaries%20laspalmas%20erupcionlapalma,Some 3D view last data from IGN about 630 PM yesterday Size of the dots are proportional to earthquake energy  LaPalma CumbreVieja CanaryIslands Canarias GranCanaria LaPalmavolcan volcanCumbreVieja Espa√±a  volcano volcan lava Canaries LasPalmas ErupcionLaPalma,
323,cumbrevieja%20lapalmaeruption%20volcano%20lava%20tsunami%20geography%20geology%20science%20earth%20lapalma,Seismic activity still at a high level at CumbreVieja with  more than 120 quakes in last 24 hours Most at 1015 km or deeper Some shallower events  LaPalmaEruption volcano lava tsunami geography geology science Earth LaPalma,
324,cumbrevieja%20lapalmaeruption%20lapalma%20erupcionlapalma%20canaryislands%20canarias%20grancanaria%20lapalmavolcan%20volcancumbrevieja%20espa√±a%20spain%20volcano%20volcan%20lava,Screen capture from tonight CumbreVieja goes wild you see the camera shaking due to a magamaquake LaPalmaeruption LaPalma ErupcionLaPalma CanaryIslands Canarias GranCanaria LaPalmavolcan volcanCumbreVieja Espa√±a Spain volcano volcan lava,
325,lapalma%20cumbrevieja%20canaryislands%20canarias%20grancanaria%20lapalmavolcan%20volcancumbrevieja%20espa√±a%20spain%20volcano%20volcan%20lava%20canaries%20laspalmas%20erupcionenlapalma%20erupcionlapalma,The northern branch of lava advances towards the sea and could create another fajana  LaPalma CumbreVieja CanaryIslands Canarias GranCanaria LaPalmavolcan volcanCumbreVieja Espa√±a Spain volcano volcan lava Canaries LasPalmas ErupcionenLaPalma ErupcionLaPalma,
326,volcano%20eruption%20lapalma%20spain%20canaryislands%20cgtn%20lava,Live Volcano eruption continues on LaPalma in Spains CanaryIslands cgtn lava,
327,lapalma%20cumbrevieja%20canaryislands%20canarias%20lapalmavolcan%20lava%20volcan%20volcancumbrevieja%20volcano,Dawn in the Canary Islands With this live image from La Palma when we enter the fourth week of the eruption  The eruptive column reaches 3500 meters high at this time  LaPalma CumbreVieja CanaryIslands Canarias LaPalmavolcan lava volcan volcanCumbreVieja volcano,
328,elpaso%20lapalma%20cumbrevieja%20canaryislands%20canarias%20grancanaria%20lapalmavolcan%20volcancumbrevieja%20espa√±a%20spain%20volcano%20volcan%20lava,This is how the volcano dawns on October 11 seen from Las Moraditas elpaso  LaPalma CumbreVieja CanaryIslands Canarias GranCanaria LaPalmavolcan volcanCumbreVieja Espa√±a Spain volcano volcan lava,
329,lapalma%20volcano%20rtnews%20lava%20spain%20canaryislands,LaPalma volcano activity continues rtnews lava Spain CanaryIslands,
330,landsat8%20sentinel2%20cablapalma%20ign%20lapalma%20cumbrevieja%20canaryislands%20canarias%20lava%20lavalake,The partial collapse caused the laundry to flow more in the northern part Video Landsat8 amp Sentinel2 1026  30 Sept and 10 Oct Dron flight CabLaPalma ODLP  perimeter 09 amp 10 October  Base Map IGN  LaPalma CumbreVieja CanaryIslands Canarias lava lavaLake,
331,lapalma%20cumbrevieja%20canaryislands%20canarias%20grancanaria%20lapalmavolcan%20volcancumbrevieja%20espa√±a%20spain%20volcano%20volcan%20lava,Seismic activity of 11 Oct 2021  LaPalma CumbreVieja CanaryIslands Canarias GranCanaria LaPalmavolcan volcanCumbreVieja Espa√±a Spain volcano volcan lava,
332,lapalma%20cumbrevieja%20canaryislands%20canarias%20grancanaria%20lapalmavolcan%20volcancumbrevieja%20espa√±a%20spain%20volcano%20volcan%20lava%20canaries%20laspalmas,A Drone Flies Right in to the Volcano Cumbre Vieja The view of Volcano from inside Volcano LaPalma CumbreVieja CanaryIslands Canarias GranCanaria LaPalmavolcan volcanCumbreVieja Espa√±a Spain volcano volcan lava Canaries LasPalmas,
333,erupt%20lava,EtherTroopers What an art Thats definitely a representation of the teams that they really did a number on their arts I dont really like lava or reddish dots but this one just changed my mind  ERUPT  LAVA gpooj2,
334,erupt%20lava,EtherTroopers Wow this one is one of the best sneaks peeks Ive ever seen and I just love it GJ team ERUPT LAVA  ChristianDinat9,
335,volcano%20lava%20canaryislands,Lava blocks as large as buildings are flowing out of the volcano at the Canary Islands volcano lava canaryislands,
336,lapalmapalma%20lava, TERRIBLE EXPLOSION OCT 11 LaPalmaPALMA LARGE BLOCK OF LAVA FLOW DOWN AS TREMORS SHAKE VILLAGES    _e thou prepared and prepare for thyself thou and all thy company that are assembled unto thee and be thou a guard unto them  Ezekiel 387 KJV,
337,massive%20explosion%20lebanon%20capital%20beirut%20people%20widespread%20damage%20middleeast%20massiveexplosion%20terrorism%20terror%20terrorattack%20bomb%20bombing%20beirutexplosion%20beirutattack%20wounded%20casualty,Massive explosion shakes Lebanons capital Beirut wounding a number people and causing widespread damage  MiddleEast MassiveExplosion Terrorism Terror TerrorAttack Bomb Bombing beirutexplosion BeirutAttack wounded Casualty,
338,zebbug%20fireworks%20explosion%20casualty%20joeattard,One victim of Zebbug fireworks explosion dies Zebbug fireworks explosion casualty JoeAttard,
339,karabakh%20explosion%20casualty,Azad Gasanov a 22yearold resident of the Tartar District of Karabakh conflict zone received severe injuries in the explosion of the munition while grazing cattle   explosion casualty  More,
340,maritimesecurity%20officer%20traumatic%20casualty%20simulated%20explosion%20ship%20maritime%20msofficer%20oxygen%20airway,maritimesecurity officer Doug treating a traumatic casualty following a simulated explosion on a ship   maritime msofficer oxygen airway  Redford Barracks,
341,conflict%20casualty%20war%20explosion%20explosive%20ieds,IEDs continue to shape conflict over the last three decades the last decade has been the worst conflict casualty war explosion explosive ieds,
342,explosion%20headquarters%20surabaya%20casualty,Indonesia Explosion ripped through police Headquarters in Surabaya claiming at least one casualty,
343,casualty%20explosion,From the way the OHs eyebrows shot up off his head hearing it from a mile away I can well imagine the conversations going on in Yate living rooms just now  Casualty explosion,
344,afg%20explosion%20kotesangi%20kabul%20casualty,AFG Breaking Explosion happened in KoteSangi area of PD5 of Kabul city minutes ago Casualty fears,
345,casualty%20kabul%20explosion,Latest casualty figures 28 killed and 327 wounded in the Kabul explosion today it is feared the number might rise,
346,explosion%20tanker%20casualty%20malaysia,Explosion aboard Tanker Kills One Injures Five    Casualty Malaysia,
347,bomb%20brussels%20europe%20terrorism%20explosion%20casualty,Bomb Blasts in Brussels Rip into the Heart of Europe   via thedailybeast terrorism explosion casualty,
348,deathtoll%20tianjinblasts%20china%20casualty%20tianjin%20explosion,DeathToll from TianjinBlasts Reaches 158    China casualty Tianjin explosion,
349,casualty%20explosion%20zax,I cant wait 6 days for BBCCasualty I need to watch it now I need to know if everyone will be okay  casualty explosion zax,
350,casualty%20cliffhanger%20bbc%20explosion%20wholives%20whodies,How can casualty be so cruel and end like that And to make us wait till next Saturday cliffhanger bbc explosion wholives whodies,
351,casualty%20alqeada%20explosion,Casualty gutted that Geoffs deadwouldnt have happened on Dr Jordans watch AlQeada MiniBusExplosion,
352,casualty%20goodbyjeff%20explosion%20carcrash,As if I have just cried Casualty GoodByJeff Explosion CarCrash,
353,casualty%20bbc1%20carcrash%20explosion,What an emotional episode  casualty bbc1 carcrash explosion,
354,cutie%20casualty%20explosion,Isnt georgerainsford a cutie casualty explosion,
355,breakingnews%20explosion%20texas%20casualty,4 firefighters and 1 police officer reportedly killed in fertilizer plant explosion in West Texas breakingnews explosion texas casualty,
356,casualty%20explosion,Casualty was well good  Cant wait for next weeks Explosion,
357,regional%20basilan%20bomb%20budget%20casualty%20citypolice%20explosion%20explosivedevice%20extortion,Resto bombed   regional basilan bomb budget casualty citypolice explosion explosivedevice extortion,
358,casualty%20abuja%20explosion,No casualty in Abuja shopping centre explosion but fears grow,
359,casualty%20explosion%20firesafety,Gloucestershire firefighters in BBC drama Casualty abt Duty of Care re chemical explosion   firesafety,
360,casualty%20explosion%20toxicgas%20hydrogenchloride%20motorwaypileup%20fuckingeverything,Shits hit the fan casualty explosion toxicgas hydrogenchloride motorwaypileup fuckingeverything,
361,explosion%20airport%20casualty,Is it that time of year already explosion airport  casualty,
362,explosion%20uk%20bostonpilgrimhospital%20broadfield%20casualty,Five dead in Lincolnshire explosion   uk bostonpilgrimhospital broadfield casualty,
363,soldier%20second%20injury%20hospital%20explosion%20death%20casualty%20british%20annou,Second soldiers death announced soldier second injury hospital explosion death casualty british annou,
364,soldier%20second%20injury%20hospital%20explosion%20death%20casualty%20british%20annou,Second soldiers death announced soldier second injury hospital explosion death casualty british annou,
365,nuclear%20energy,_he mood is changing This week Macron is expected to announce the development of six socalled small modular reactors  _uclear is coming back to the fulcrum of the energy debate in France and much faster than I ever thought it would_,
366,afghanistan%20taliban%20nuclear,This is an unfortunate Twitter handle at the moment  Afghanistan Taliban Nuclear,
367,belgium%20nuclear%20hreens%20spcialists%20federal%20government%20belgique%20energy%20france%20kafkaisalive,FinancialTimes Belgium wants to close all nuclear plants because Hreens and Spcialists run federal government Later on Belgique will buy expensive energy from France Kafkaisalive,
368,nuclear,PravinSawhney Although I do not agree with this leading power crap Main concern of Pak is holding its own vis a vis India which has been achieved Now moving on stability is the target Stability will fuel cooperation and economic recovery Nuclear factor,
369,climatecrisis%20nuclear,ClimateCrisis fun fact Power density determines environmental impact Coal is good when it replaces wood and bad when it replaces natural gas or nuclear Natural gas is good when it replaces coal and bad when it replaces uranium from Apocalypse Never Michael Shellenberger,
370,ecorational%20nuclear%20energy%20climate,A group of ten ecorational EU countries led by France have asked the _UCommission to recognise nuclear power as a lowcarbon energy source that should be part of the blocs decadeslong transition towards climate neutrality,
371,climatecrisis%20nuclear%20green%20books,ClimateCrisis fun fact Power density determines environmental impact Only nuclear energy  and powerdense farming  can power our highenergy human civilization while reducing humankinds environmental footprint from Apocalypse Never Michael Shellenberger Green Books,
372,aryabhata%20gsatheeshreddy%20telugu%20satyajitray%20bgopal%20pakistan%20nuclear%20abdulqadeerkhan%20malayalam%20vayalar%20benyamin,Who has conferred with the prestigious Aryabhata Award  GSatheeshReddy  A Telugu filmmaker chosen for SatyajitRay Award  BGopal  Name the father of Pakistan_ nuclear programme passes away at 85  AbdulQadeerKhan  A Malayalam writer bags Vayalar Award  Benyamin,
373,nuclear,Nuclear power can help fill the gaps in a tricky energy transition   Those governments that continue to shun nuclear plants are haunted by the dirty secret that this move is likely to increase emissions,
374,nuclear,Nine EU countries have signed a joint_statement_backing the future use of nuclear energy to fight against climate change effectively According to the joint statement nuclear energy represents a reliable energy source to secure a lowcarbon future,
375,nuclear,France Czech Republic and others push for nuclear in EUs green investment rules,
376,nuclear%20greenwash%20eugreendeal%20eutaxonomy,MehreenKhn EC Bullshit Nuclear never sustainable from mining through risky operation to waste issue Either vonderleyen is up to a greenwash deal or a real EUGreenDeal also for EUtaxonomy,
377,malaysia%20asean%20nuclear%20submarine%20aukus,Malaysia hopes for ASEAN consensus on  nuclear submarine pact  Defence Min Husseid told parliament a meeting w ASEAN counterparts will present an opportunity for the bloc to agree on a shared response to AUKUS  a shared response you say,
378,nuclear%20uranium,All frontrunning French candidates now support further Nuclear investment and reactors Id say thats pretty positive  Uranium,
379,nuclear%20uranium,quakes99 All frontrunning French candidates now support further Nuclear investment and reactors Id say thats pretty positive  Uranium,
380,nuclear%20china%20taiwan%20india%20war%20ww3,Everybody is a great analyst untill you see what pre ordained happensNothing can change the destiny Nuclear war china taiwan india war ww3,
381,nuclear%20fusion,Nuclear power is the use of nuclear reactions to produce electricity Nuclear power can be obtained from nuclear fission nuclear decay and nuclear fusion  reactions,
382,nuclear,GB Grid Nuclear is generating 397GW 1482 out of 2677GW,
383,powertherm%20power%20petrochemical%20nuclear%20processing%20marine%20construction%20infrastructure%20industrialservices%20tuesdaymotivation,Good morning Powertherm operates globally across diverse amp demanding sectors From Power Petrochemical amp Nuclear to Processing Marine Construction amp Infrastructure  For more about our IndustrialServices on our website     TuesdayMotivation,
384,africa4nuclear%20cleanenergy%20climatechange%20nuclear%20africa,Watch S1E1 of Africa4Nuclear on YouTube Princy talks about the nexus of life how water food and energy fit into our lives africa4nuclear cleanenergy climatechange nuclear africa,
385,energycrisis%20oott%20ongt%20lng%20uslng%20renewables%20renewableenergy%20solar%20coal%20nuclear%20eft,Gas prices skyrocket as the global energy crisis worsens   EnergyCrisis OOTT ONGT LNG USLNG Renewables RenewableEnergy Solar Coal Nuclear EFT _NN,
386,taliban%20scottish%20nuclear%20taliban%20afghanistan,There is an alternative view of this Taliban near the Scottish nuclear submarine base  A message from the Taliban that they can reach anywhere   Trying to make sense of why Int Community is suddenly so compliant towards the Taliban Afghanistan,
387,wow%20nuclear%20fusion%20science%20cool%20trending%20sharedit%20educational%20canyoufeelit%20stunning,Check it out Wow A Nuclear Fusion View Our Sun in UltraHigh Def UHD 4K science cool Trending SharedIt educational canyoufeelit Stunning,
388,wow%20nuclear%20fusion%20science%20cool%20trending%20sharedit%20educational%20canyoufeelit%20stunning,Check it out Wow A Nuclear Fusion View Our Sun in UltraHigh Def UHD 4K science cool Trending SharedIt educational canyoufeelit Stunning,
389,malta%20mosta%20nuclearshelter%20nuclear%20shelter%20trek%20trekking%20adventure%20vandals%20vandalism%20asbestos%20graffiti%20coldwar,Sadly this dilapidated shelter has been the target of vandals Malta Mosta nuclearshelter nuclear shelter trek trekking adventure vandals vandalism asbestos graffiti ColdWar,
390,nuclear%20uranium%20coal%20greenenergy%20climatecrisis,Nuclear the SAFEST most RELIABLE energy source gaining some traction Uranium to thrive   Dirty coal is still worth a LOT of  to a LOT of people though so it will be a bumpy ride  Go for Green  GreenEnergy ClimateCrisis,
391,tokyo2020%20fukushima%20nuclear%20soti,Share Tokyo2020 will be held on the irradiated wastes affected by Fukushima Nuclear Power Plant Accident soti,
392,uranium%20greenenergy%20fossilfuels%20nuclear%20carbonfree%20esg,Hedge funds snap up Uranium in bet on GreenEnergy shift  A global energy crunch has highlighted the role of uranium in a transition away from FossilFuels with nuclear fuel price rising 37 this year to 2012 levels CarbonFree 247 ESG,
393,nuclear%20auspol%20climate%20nuclearenergy%20thorium%20smr,Led by France 10x EU countries call on Brussels to label nuclear energy as green source   Yes Auspol Serious about CLIMATE Get serious about 247 Reliable ULTRA Low CO2 electricity from NuclearEnergy We need Thorium amp Small Modular Reactors SMR,
394,france%20nuclear%20europe%20energycrisis%20uranium%20carbonfree%20esg,France bets on more Nuclear power in face of Europe EnergyCrisis  Macron expected to give goahead for a cluster of new nuclear reactors as nuclear power_ availability and predictability has proved its worth Uranium CarbonFree 247 ESG,
395,nuclear%20solar,guardian Go nuclear and solar,
396,nuclear,It is beginning nuclear,
397,nuclear,GB Grid Nuclear is generating 397GW 1759 out of 2255GW,
398,taiwan%20usa%20nuclear%20bribe%20nuclearwaste%20china,Taiwan separatists are US puppets USA built the nuclear reactors amp is obligated to remove the waste  Tsai Ingwen offered a bribe to the Tao to keep the leaking  NuclearWaste on Orchid Island   Now Taiwan boasts its missile can hit China,
399,eu%20nuclear,Is Nuclear Energy Green Energy 10 EU Countries Call On Brussels To Add It To the List  EU NUCLEAR,