id,keyword,text
0,dogecoin%20shib%20shibarmy%20africa%20starving%20starvedtodeath%20nestle%20niger,fair economy work hard  yeah suredogecoin shib shibarmy africa starving starvedtodeath nestle niger
1,hungry%20starving%20ethiopian%20african%20mcdonaldsmonopoly%20food%20melbourneprotest%20africa,Gaming rn and I have to say that gaming really makes you hungry Hungry starving Ethiopian African McDonaldsMonopoly Food Melbourneprotest Africa
2,people%20silly%20stupid%20feelings%20hurt%20coronavirus%20starving%20children%20africa%20worsening,sherylunderwood You don’t think you people on the TheTalkCBS are a little bit silly or stupid I mean really you have your feelings hurt There is the whole coronavirus thing amp starving children in Africa thing is still happening and worsening
3,conspiracytheories%20exposed%20starving%20children%20in%20africa%20bitch%20fyp%20foryoupage%20scandel,Loserfruit Forgot the hashtags conspiracytheories exposed starving children in Africa bitch fyp foryoupage scandel
4,lennyhenry%20rednoseday%20clone%20liveaid%20starving%20africa,Remember when LennyHenry and Co set up RedNoseDay as a Faux Clone of LiveAid He NOW says they dont want the Help from White Folk    Maybe remember WHO were the ones performing and donating to the Starving Millions in Africa via LiveAid EH
5,europe%20africa%20europeans%20africans%20starving%20dancing%20myjijitv,Europeans Africans are starving  europe africa europeans africans starving dancing myjijitvcom
6,gold%20diamond%20starving%20sahelnow%20africa%20cdnpoli,74 million has gold diamond mines but they are starving  SahelNow  Africa   Men in suits stealing  vonderleyen AOC MinPres BernieSanders jeremycorbyn JustinTrudeau GretaThunberg mehdirhasan cathmckenna WFPMENA katenoconnor1 cdnpoli theJagmeetSingh
7,underpaid%20starving%20money%20attention%20dramaqueen%20outburst%20osaka%20rolemodel%20africa,serenawilliams says shes been underpaid underpaid how many millions do U hav when people R starving    after more money attention dramaQueen after the outburst against osaka still seeking more limelight no longer a roleModel sharethis Africa
8,america%20africa%20starving%20richpeople%20food%20help%20billionaires%20next2021%20virus,Minivans at the Food Pantry Meet Americas New Needy   via YahooNews AmericaAFRICA Starving RichPeople Food HELP Billionaires Next2021 Virus
9,black%20blackpeople%20starving%20africa%20dictators%20alm,kimKBaltimore black lives dont matter only your black lives matter 221 million BlackPeople starving in Africa today since 1955 60mil have died at the hands of the worlds top 10 dictators all black so only your fat well heeled Blacks winging black lives matter ALM
10,shortstory%20creativewriting%20amwriting%20writersonwriting%20writingcommunity%20poems%20poetry%20love%20writers%20heartbreak%20starving%20children%20africa%20charity%20drought%20savethechildren%20brokenheart%20sadpoems%20medium,I just published UNTIL THE RAIN COMES shortstory creativewriting amwriting writersonwriting writingcommunity poems poetry love Writers heartbreak starving children Africa Charity drought SaveTheChildren brokenheart sadpoems medium
11,colonial%20powers%20advanced%20wealthy%20africa%20poor%20starving%20oppressors%20oppression%20apartheid%20black%20hispanic%20nativeamerican,Colonial Powers be like Look how Advanced and Wealthy we are Why cant you be more like us Africa Why are you so uncivilized Why are you so poor Why are you starving oppressors Oppression Apartheid Black Hispanic NativeAmerican
12,theresmoretolifethanshopping%20tmtlts%20cotton%20china%20starving%20africa%20politics%20climateawareness,LBC TheresMoreToLifeThanShopping TMTLTS Buying Cotton from China led to many Starving in Africa due to dispotic politics Noone said or did anything back then 25 years ago ClimateAwareness
13,cotton%20china%20political%20africa%20starving,LBC Hi Maajid The Cotton China thing started 25 years ago Due to political troubles in Africa there was an embargo from us buying cotton from there This led to communities starving The world stood by in obliviousness We worldwide started buying cotton from China
14,institutional_corruption%20africa%20starving%20dying,foreignoffice InstitutionalCorruption in Africa constitutes one of the gravest human rights violations diverting public funds to private use amp leaving million Starving to death or  Dying because of lack affordable medical care
15,new_apartheid%20police_brutality%20africa%20rich5%20poor95%20foreign_ngos%20mass_migrating%20starving,afropolitan mimmitwit Sadly  newapartheid complete with  policebrutality has sprung up all over  Africa where the  rich5 amp the  poor95 live separate lives the later depending on foreignNGOs   massmigrating or  starving
16,children%20malnutrition%20famine%20stopstarvingtigray,UNICEF estimated in July that more than 100000 Children could suffer from malnutrition in the coming year There is a real threat of the 1980s FAMINE which killed roughly one million people vickyford AngelaRayner tariqahmadbt StopStarvingTigray
17,hunger%20famine%20stopstarvingtigray%20tigraycantwait%20tigraygenocide,Why is it that we need to see children dying of Hunger before we believe that it is happening UN said that 400000 people were in faminelike conditions vickyford tariqahmadbt UNRICUKIRE USUN StopStarvingTigray TigrayCantWait TigrayGenocide
18,famine%20tigray%20yemen,The world is approaching a dangerous tipping point Famine is looming in Tigray and in Yemen Hunger rates are skyrocketing in Afghanistan   To escape suffering and starvation on a Biblical scale aggressive and bold action must be taken   The US must lead Now
19,cop26%20lifeweb%20fukushima%20chernobyl,Nuclear is NEVER green CP26 COP26 UN EUCommission decommission 465 before next meltdownNO new ones 3 lifeweb threat accidents in 60yrs vs industry lie 1million yrs 1000s leaks Fukushima 11311 Chernobyl 19863 mile island Nuclear waste has zero solution Elite STOP
20,quakes%20fukushima%20japan%20chernobyl%20脱原発,Sadly quakes keep damaging the three RCVs Two have already lost inner pressure  Leaking radioactive gas dust Not to mention tonshr of highly radioactive cooling water Fukushima Daiichi situation could be worsen Japan MUST ask intl help as Chernobyl did
21,chernobyl,This girl on TikTok can take you inside the abandoned Chernobyl nuclear plant
22,chernobyl,Why am I watching Chernobyl HBO at 300 AM tragedy
23,chernobyl,Back in March of 2020 if Trump wasn’t an infantile moron and if he did his job instead of play with band aids and try to keep the truth hidden  Chernobyl  our economy would not have cratered job losses wouldn’t of been as bad and the worker shortage wouldn’t exist it would in
24,chernobyl,40 years  Chernobyl unhappy 35 more like
25,ukraine%20europe%20travel%20chernobyl%20travelukraine,Ukraine is a great place to travel even though it is also the most underrated country in Europe Ukraine is perfect for traveling due to the low prices wide range of attractions and friendly people Learn more here   travel Chernobyl TravelUkraine
26,chernobyl%20japan%20badtake%20nonuclear,BambroughKevin Yes nuclear power Because were definitely not gonna mess up again… Chernobyl Japan BadTake NoNuclear
27,bible%20chernobyl%20nyt%20nuclear%20radioactivity,Whether it is used for ill or good the underlying physical mechanism presents an inherent danger to those constructing handling and living with the device and its constituent parts and waste Bible Chernobyl NYT Nuclear Radioactivity
28,chernobyl%20dugaradar%20russianwoodpecker%20travel%20chornobyl%20prypiat%20chernobyltour,Chernobyl2 DUGAradar RussianWoodpecker signals appeared without warning sounding like a sharp repetitive tapping noise at 10 Hz repetition rate    Travel to Chornobyl amp Prypiat amp Book Chernobyltour with    Follow us ToursChernobyl
29,chernobyl,Birth defects in the Chernobyl region
30,mushrooms%20chernobyl%20radiation,Mushrooms in Germany are still contaminated by Chernobyl radiation  gtgtgt NY Post
31,chernobyl,First 2 episodes of Chernobyl without context
32,chernobyl,PLS RTampFOLLOW Did you miss out last time Fear not chernobyl fans  I have another awesome signed script page from marklewisjones with an iconic quote added as the true horror of Chernobyl began to unfold Get your bids in nomw    to support CwCUK
33,chernobyl%20radioactivity,Look Inside Chernobyl As RoboDog Learns To Sniff Out Radioactivity  A team of scientists from the University of Bristol in the UK together with Ukrainian researchers and engineers have boldly ventured into the bowels of the Chernobyl Nuclear Power
34,chernobyl%20nonukes,Greenpeace 35 years after Chernobyl wild mushrooms picked in Germany still show increased levels of radioactivity  This is the toxic legacy of nuclear technology     NoNukes
35,chernobyl%20nonukes,35 years after Chernobyl wild mushrooms picked in Germany still show increased levels of radioactivity  This is the toxic legacy of nuclear technology     NoNukes
36,fukushima%20chernobyl,The guest on Bill Maher this week said that Nuclear Energy is the cleanest  I dont recommend taking a shower at that guys house  fukushima Chernobyl
37,chernobyl%20lifeafter,Ich war in der Sperrzone in Chernobyl Life after people Spital in Pripyat Chernobyl LifeAfter
38,chernobyl%20chernobylfire,30 years ago today a fire broke out inside Unit 2 at the Chernobyl Nuclear Power Plant Although no employees were hurt the fire forced Unit 2 to permanently shutdown  ChernobylFire is dedicated to the firefighters who served the exclusion zone from the 1986 accident onward
39,wildlife%20chernobyl,Are humans a greater threat to animals in long run than even a nuclear disaster  Wildlife Chernobyl Source WhatsApp fwd
40,chernobyl%20gasmask%20urbex,Chernobyl zone madness Chernobyl gasmask urbex
41,ipl2021%20iplplayoffs%20chernobyl,ShaneWarne msdhoni finish  IPL ChennaiIPL IPL2021 Iplplayoffs  Literally Chernobyl is must watch
42,time%20life%20veritasium%20chernobyl,Time is running out     Time life veritasium Chernobyl
43,professoriallecture%20chernobyl%20chernobylexclusionzone%20vr,The SalfordUni ProfessorialLecture series is back and kicks off with ProfMikeWood busting the myths on Chernobyl  you will also get to experience the ChernobylExclusionZone through VR  You  To find out more click
44,ppe%20covid%20airborne%20covidisairborne%20chernobyl,Paycottage ShaunLintern sajidjavid Independent Ah let me clarify…   There IS a copious supply of INADEQUATE PPE but those of us repeatedly exposed to patients with known or suspected COVID have still not been afforded the “luxury” of effective protection against an airborne  Nope   COVIDisAirborne Chernobyl
45,chernobyl,Should watch Chernobyl mini series Dialogue delivery in Chernobyl is on next level You dont need Evil to make Horror series Science is Enough Science is interesting subject but it does not accept any mistakes Chernobyl  chernobylstatus
46,chernobyl,As a past Nuclear Power Plant worker when I wrote Analyze Act Advance I reflected on Chernobyl I wish you find the book inspirational Download for free at
47,gatecity%20police%20traffic%20accident%20signal13%20firstresponders%20ร้องข้ามกําแพง%20big2021%20lazada1010%20السعوديه_lليابان%20earthquake%20belfra%20venmome,When life tries to hit you with the unexpected GateCity Police Stay Alert Stay Alive Complacency kills traffic accident signal13 FirstResponders ร้องข้ามกําแพง Big2021 Lazada1010 السعوديهlليابان earthquake BELFRA venmome
48,earthquake%20tokyo%20japan%20incident%20accident%20collapsed,earthquake Tokyo Japan incident accident collapsed An earthquake with a magnitude of 61 hit Tokyo the weather service said The epicenter is located in close proximity to the city at a depth of 80 km
49,breakingnews%20accident%20barabanki%20earthquake%20spirit,BreakingNews  Major ACCIDENT was reported in barabanki Around 12 people ded amp 32 people were serious njured when the bus collided with the truck Deep condolences to those who lost their families amp I pray to Jagjanani 4 D speedy recovery of the injured  earthquake Spirit
50,earthquake%20collapsed%20accident%20pakistan,earthquake collapsed accident A powerful earthquake rocked Pakistan tonight At this time people were still asleep Hundreds of houses collapsed due to tremors many children were killed
51,camping%20survival%20family%20earthquake%20stormhour%20survivor%20wildfire%20naturaldisaster%20accident%20disaster%20mountain%20emergency%20sos,Whether you’re packing to go camping or preparing a survival kit for your family our sleeping bag is one item you cannot miss‼      earthquake StormHour Survivor wildfire naturaldisaster Accident disaster mountain Emergency SOS
52,emergency%20flooding%20wildfire%20earthquake%20tornado%20hurricane%20accident%20survival%20alert%20storm,Need a flashlight in case of a disaster Preparing yourself for a power outage  Be ready for any unpredictable Emergency  with our solar amp crank radio  charger     flooding wildfire earthquake tornado Hurricane Accident survival ALERT storm
53,earthquake%20accident%20incident%20explosion%20california,earthquake accident incident explosion Carson Refinery is on fire Los Angeles County California Perhaps this is the aftermath of an earthquake
54,kia%20accident%20earthquake,KIA ACCIDENT earthquake KIA seltos broken into two pieces like not even our toy did eva
55,traffic%20accident%20rescue%20earthquake%20disaster%20accidentdisaster%20integration%20rescue,Hand Hydraulic Combi Tool Cutter And Spreader   Traffic accident rescue earthquake disaster  accidentdisaster integration RESCUE
56,traffic%20accident%20rescue%20earthquake%20disaster%20accidentdisaster%20integration%20rescue,Hand Hydraulic Rescue Combi Tool Cutter And Spreader   Traffic accident rescue earthquake disaster  accidentdisaster integration RESCUE
57,accident%20smapster%20accidents%20earthquake%20earthquakes%20house%20mad%20madness%20fight%20fighting%20fightthegoodfight%20fightlife%20fighterlife%20fights%20fightclub%20fighter%20fightvideos%20fightme%20fightforyourrights%20fightforit%20door%20building%20buildersofig%20build,We had a Small Accident  Smapster accidents Earthquake earthquakes house mad madness fight fighting fightthegoodfight fightlife fighterlife fights FightClub fighter fightvideos fightme fightforyourrights fightforit door building buildersofig build
58,earthquake%20riots%20accident%20nationalstricks%20covid_19,TC staff of IR has stood by duty even during earthquake riots ACCIDENT nationalstricks and Covid19
59,japan%20earthquake%20accident%20america%20american%20electric%20fukushima%20government%20japanese%20minister%20powerplant%20president%20primeminister%20resilience%20selfdefense%20tokyo%20unitedstates%20whitehouse,Joint Message on Passing of 10 Years Since Great East Japan Earthquake    Accident America American Electric Fukushima Government Japanese Minister PowerPlant President PrimeMinister Resilience Selfdefense Tokyo UnitedStates WhiteHouse
60,onthisday%20earthquake%20japan%20tsunami%20nuclear%20accident%20silicones,OnThisDay 90 magnitude Earthquake strikes Japan triggering a Tsunami causing the second worst Nuclear Accident in history 2011  Birth Anniversary of James Franklin Hyde 1903  called the “Father of Silicones”
61,anniversary%20japan%20earthquake%20accident%20aircraft%20american%20departmentofstate%20disaster%20humanitarian%20hurricane%20japanese%20missing%20operation%20resilience%20security%20tsunami%20unitedstates,10th Anniversary of Great East Japan Earthquake    Accident Aircraft American DepartmentOfState Disaster Humanitarian Hurricane Japanese Missing Operation Resilience Security Tsunami UnitedStates
62,fukushima%20disaster%20accident%20america%20american%20americansocietyofagronomy%20anniversary%20chemical%20earthquake%20environment%20government%20livestock%20powerplant%20radioactive%20research%20unitedstates,What are longterm effects of Fukushima Disaster on local agronomy    Accident America American AmericanSocietyOfAgronomy Anniversary Chemical Earthquake Environment Government Livestock PowerPlant Radioactive Research UnitedStates
63,vehicle%20road%20earthquake%20crushed%20california%20survivors%20transportation%20disasters%20accident%20podcast,The Cypress Freeway I880  Part 1 Image of the collapse of the Cypress Bridge  You can listen here or on any other podcast app  Part 1    vehicle road earthquake crushed california survivors transportation disasters accident podcast
64,vehicle%20road%20earthquake%20crushed%20california%20survivors%20transportation%20disasters%20accident%20podcast,The Cypress Freeway I880  Part 1 Image of the collapse of the Cypress Bridge  You can listen here or on any other podcast app  Part 1    vehicle road earthquake crushed california survivors transportation disasters accident podcast
65,vehicle%20roaddisaster%20earthquake%20crushed%20california%20transportation%20transport%20disasters%20accident%20podcast,The Cypress Freeway I880  Part 1 Image of the collapse of the Cypress Bridge  You can listen here or on any other podcast app  Part 1    vehicle roaddisaster earthquake crushed california transportation transport disasters accident podcast
66,earthquake%20accident%20child%20miracles%20talon_news,Accidents Happen A Child Who Miraculously Survived An Accident  Buil   via YouTube   This article is about the few children who survived the accidents Aida and Elf survivors of the Azmir earthquake  earthquake accident Child miracles TalonNews
67,breaking%20news%20video%20picture%20photo%20accident%20building%20car%20train%20plane%20crash%20live%20scene%20earthquake%20weather%20tsunami%20hurricane%20cyclone%20winter%20death%20murder%20rip%20karachi%20lahore%20islamabad%20rain%20flood,Pakistan watch breaking news Todays incident here    video picture photo accident building car train plane crash live scene earthquake weather tsunami hurricane cyclone winter death murder rip karachi lahore islamabad rain flood
68,breaking%20news%20today%20karachi%20lahore%20islamabad%20accident%20flood%20rain%20accident%20plane%20crash%20corona%20washingtonpost%20war%20bbc%20aljazeera%20china%20theguardian%20rapes%20stock%20market%20price%20rates%20exams%20newyear%20fire%20earthquake,Pakistan breaking news today see here    karachi lahore islamabad accident flood rain accident plane crash corona washingtonpost war bbc aljazeera china theguardian rapes stock market price rates exams newyear fire earthquake 2021
69,mumbairainslive%20maharastra%20accident%20jammukashmir%20pakistan%20earthquake%20breakingnews%20r24x7,Newsreel of the hour MumbaiRainsLive maharastra ACCIDENT JammuKashmir Pakistan earthquake BreakingNews  R24x7
70,accident%20tsunami%20earthquake,I dont wanna die like that What the hell is that  Feeling very bad for that man over cycle  ACCIDENT tsunami earthquake
71,covid__19%20accident%20suicides%20earthquake%20naturaldeath%20lynching%20murders,Worst year goes 2020 People r dying coz COVID19 Accident Suicides Earthquake Naturaldeath lynching Murders n more
72,tri%20train%20trisurrey,Time train   Don’t talk just act Don’t say just show Don’t promise just prove      tri train trisurrey
73,quintadeventozelo%20dourowineregion%20portugal%20unescoworldheritagesite%20fujifilm_xseries%20fujifilm_es%20fujifilm%20xs10%20photography%20ventozelo%20douro%20train,Magical Ways to be Transported at Ventozelo  quintadeventozelo dourowineregion portugal unescoworldheritagesite series 92021 Bridge of Transformation  passage to a new life   fujifilmxseries fujifilmes fujifilm XS10 photography ventozelo douro train
74,train,All clear     train was there for 6 minutes  train
75,train,Train alert   train
76,couplegoals%20youandi%20mrandmrs%20touristmode%20romanticshot%20train%20chattanooga%20loveisintheair%20nightphotography%20fallvibes,My one and only              couplegoals youandi mrandmrs touristmode romanticshot train chattanooga loveisintheair nightphotography fallvibes en Chattanooga Choo Choo
77,googoodolls%20miraclepill%20train%20concert%20concertphotography%20music%20musicphotography%20johnnyrzeznik%20robbytakac%20bradfernq,Goo Goo Dolls at the woodlandspavilion in Houston  The Woodlands 62819 googoodollsofficial johnrzeznikggd absolutegoopics googoodolls miraclepill train concert concertphotography music musicphotography johnnyrzeznik robbytakac bradfernq…
78,modeltrains%20modelrailway%20modeltrain%20train%20railway%20traintuesday%20graemesrailway,Things always look a little different when you ride the train at night    ModelTrains ModelRailway ModelTrain Train Railway TrainTuesday GraemesRailway
79,uk%20railway%20train,RAIB release investigation findings into derailment at Sheffield station   uk railway train
80,uk%20railway%20train,Lumo names Harvey Price as Diversity and Inclusion Ambassador   uk railway train
81,japan%20train,A train runs by at dusk Its a scene that somehow signals the end of the day Sotobo Line Chiba Prefecture Japan Train
82,train,No more train      train was there for 5 minutes  train
83,train%20travel,Not sure about Riding the Rails Here are 5 reasons youre going to love Train Travel
84,train,Train alert   train
85,train,Train is gone     train was there for 20 minutes  train
86,uk%20railway%20train,Greater Anglia adds extra trains as Ipswich football club head to Cambridge   uk railway train
87,train,Train spotted   train
88,trainspotting%20railway%20rail%20train,Wish comes true for five year old from London thanks to South Western Railway   trainspotting railway rail train
89,pumpkinpatch%20mypumpkins%20mybabies%20fall%20october%20halloween%20autumn%20train%20fallvibes%20spookyseason%20familyouting%20pumpkinpicking,Pumpkin patch season is here    pumpkinpatch mypumpkins mybabies fall october halloween autumn train fallvibes spookyseason familyouting pumpkinpicking
90,train,Dont miss the train
91,train%20pointofrocks%20fineartamerica%20contest%20art,Train Station At PointOfRocks won 1st in the  FineArtAmerica contest TRAIN STATIONS held by the Weekly Photography Challenge group 109  Tnks to the contest admin Sharon Popek ampall who voted for my image  Congratz to the other winners   art
92,trainspotting%20railway%20rail%20train,Memorial garden to be created in Aldgate to pay tribute to London keyworkers lost during pandemic   trainspotting railway rail train
93,vehicle%20train%20transportation%20cablecar%20tram%20trolley%20streetcar%20human%20person,Mini train Isle of Man  Vehicle Train Transportation CableCar Tram Trolley Streetcar Human Person
94,railroad%20train%20trains,I have found out that there ain’t no surer way to find out whether you like people or hate them than to travel with them  railroad train trains
95,japan%20train%20subway,It is a list of Youtube which shot Japanese train  subway Please take a look by all means     japan train Subway
96,uk%20railway%20train,Watch Unbelievable CCTV footage of lorry reversing over Stoke level crossing   uk railway train
97,train,No more train      train was there for 6 minutes  train
98,travel%20lifestyle%20culture%20photography%20estate%20cigars%20fashion%20style%20la%20california%20wilshire%20metro%20subway%20train%20bus%20cars,Wilshire  Western Station  Travel lifestyle culture photography estate cigars fashion style LA California wilshire metro subway train bus cars
99,train,Train spotted   train
100,uniball%20stayonpoint%20actor%20purpose%20uk%20bame%20actorslife%20indian%20commercial%20advertising%20pens%20solidarity%20uniballpen%20act%20life%20livelife%20journey%20drama%20love%20newnormal%20actingagents%20cast%20casting%20london%20tube%20train%20original,Staying on point with Uniball     Uniball stayonpoint Actor purpose uk BAME  actorslife indian commercial advertising  pens solidarity uniballpen Act life livelife journey Drama love newnormal actingagents cast casting london tube train original
101,trainspotting%20railway%20rail%20train%20travel%20deanforest%20heritage%20steam%20steamtrain,In 2020 the Dean Forest Railway Society DFRS planned to celebrate the 50th anniversary of its formation as a preservation society   trainspotting railway rail train travel DeanForest heritage steam steamtrain
102,realagility%20scrum%20agile%20kanban%20business%20ceo%20education%20development%20coach%20train%20consult%20canada%20berteig%20manager,LINK ITS TIME TO KILL PERFORMANCE REVIEWS  Read More    RealAgility scrum agile kanban business ceo education development coach train consult canada berteig manager
103,train,The train has retreated for now      train was there for 2 minutes  train
104,train,Train spotted   train
105,train,Train is gone     train was there for 4 minutes  train
106,prevent%20train%20policy%20school,Active shooting drills cause harm emphasizing reactive responses to shootings Proactive training like creating Crisis Teams can prevent shootings from occurring More policy recommendations and training   train policy school
107,train,I see the train   train
108,warcraftart%20warcraft%20blender3d%20blender%20blenderart%20train%20forsaken%20halfmecha%20mechagon,Dear friend told me to make it xD Moments before tragic   Bonus What if the lights shut down  warcraftart warcraft Blender3D blender blenderart train forsaken HalfMecha mechagon
109,dji%20rheinlandpfalz%20nature%20bridge%20train%20lostplace,Some weeks ago we drove to an abandoned train bridge in Germany Getting some drone shots  dji RheinlandPfalz nature bridge train lostplace
110,japan%20train%20shinkansen%20superexpress,It is a list of Youtube which shot Japanese bullet train Please take a look by all means     japan train Shinkansen Superexpress
111,train,The train has retreated for now      train was there for 1 minutes  train
112,train,Train spotted   train
113,train,Train is gone      train was there for 4 minutes  train
114,train,I see the train   train
115,cdc%20investigation%20cdc%20salmonella%20outbreak%20bacteria%20bird%20children%20environment%20house%20infection%20species%20stomach%20testing%20treatment%20wildlife,CDC Investigation Notice CDC investigating Salmonella Outbreak linked to wild songbirds    Bacteria Bird Children Environment House Infection Species Stomach Testing Treatment Wildlife
116,bird%20louisiana%20salmonella%20bacteria%20infection%20birdbath%20feeders,Sporadic wild bird deaths in Louisiana due to Salmonella     bacteria  infection  birdbath  feeders  Via wdsu
117,infection%20h5n8%20bird%20flu%20birdflu%20virus%20poultry%20russia%20influenzaa,Worlds first incidence of human infection with H5N8 bird flu     BirdFlu  virus  poultry  Russia  InfluenzaA  Via globaltimesnews
118,bird%20flu%20chhattisgarh%20india%20avianinfluenza%20virus%20birdflu%20h5n1%20infection,More Bird Flu identified in districts of Chhattisgarh India     AvianInfluenza  virus  BirdFlu  H5N1  infection  Via republic
119,bird%20flu%20khargone%20india%20avianinfluenza%20virus%20birdflu%20infection%20disease,Advisory issued for Bird Flu in Khargone India     AvianInfluenza   virus  BirdFlu  infection  disease  Via fpjindia
120,research%20bird%20flu%20avianinfluenza%20birdflu%20disease%20drinkingwater%20future%20infection%20influenza%20mortality%20prevention%20university%20universityofwageningen%20viruses%20water,WBVR Research provides insight into course of Bird Flu infections    AvianInfluenza BirdFlu Disease DrinkingWater Future Infection Influenza Mortality Prevention University UniversityOfWageningen Viruses Water
121,bird%20flu%20avian%20chicken%20birds%20poultry%20animals%20heat%20human%20virus%20rajastan%20madhyapradesh%20himachalpradesh%20kerala%20cold%20fever%20infection%20cooking%20medical%20medicine%20drugs%20outbreak%20geese%20duck,Here is a new blog on Bird Flu Please visit   bird flu avian chicken birds poultry animals heat human virus rajastan madhyapradesh himachalpradesh kerala cold fever infection cooking medical medicine drugs outbreak geese duck
122,scientists%20bird%20birdflu%20covid19%20culture%20effect%20engineering%20explosion%20federal%20infection%20influenza%20innovation%20market%20medicine%20research%20science%20tomskstateuniversity%20university,Scientists have tested new materials for protective masks    Bird BirdFlu Covid19 Culture Effect Engineering Explosion Federal Infection Influenza Innovation Market Medicine Research Science TomskStateUniversity University
123,bird%20flu%20infection%20birdflu%20virus%20h5n8%20pathogen%20influenzaa%20europe,New H5N8 bird flu infection confirmed in United Kingdom farm     BirdFlu  virus  H5N8  pathogen  InfluenzaA  Europe  Via TheWeekLive
124,bird%20flu%20agriculture%20animal%20ban%20birdflu%20food%20force%20infection%20investigation%20minister%20netherlands%20quality%20research%20transport%20university%20universityofwageningen%20viruses,Bird Flu at Dutch poultry farms in 2020    Agriculture Animal Ban BirdFlu Food Force Infection Investigation Minister Netherlands Quality Research Transport University UniversityOfWageningen Viruses
125,influenza%20biosecurity%20bird%20detection%20europe%20genome%20infection%20israel%20jerusalem%20kazakhstan%20migration%20netherlands%20research%20russia%20species%20university%20universityofwageningen%20viruses,Highly pathogenic avian Influenza H5N8 found in wild mute swans    Biosecurity Bird Detection Europe Genome Infection Israel Jerusalem Kazakhstan Migration Netherlands Research Russia Species University UniversityOfWageningen Viruses
126,bird%20virus%20solano%20california%20flavivirus%20disease%20westnilevirus%20mosquitoes%20infection,Bird positive for West Nile Virus in Solano County California     Flavivirus  disease  WestNileVirus  mosquitoes  infection  By ReporterKimFu via vjotimesherald
127,bionics%20grail%20grail%20swallow%20bird%20swivelgun%20mobilerobot%20roboticarm%20pneumatics%20valve%20atmosphereofearth%20knittedfabric%20vidhansabha%20humanfactorsandergonomics%20infection%20pteropus%20bat,NEWS Upgraded Bionic Hand Could Take over Factory Jobs   Bionics GRAIL GRAIL Swallow Bird SwivelGun MobileRobot RoboticArm Pneumatics Valve AtmosphereOfEarth KnittedFabric VidhanSabha HumanFactorsAndErgonomics Infection Pteropus Bat
128,adelaide%20australia%20australian%20bird%20business%20commission%20covid19%20economy%20environment%20health%20industry%20infection%20sa%20safety%20southaustralia%20tourism%20visit,COVID19 Awareness training supports sector to reopen    Adelaide Australia Australian Bird Business Commission Covid19 Economy Environment Health Industry Infection SA Safety SouthAustralia Tourism Visit
129,unmannedaerialvehicle%20bogotá%20coronavirus%20colombia%20thermoregulation%20mayor%20infection%20district%20bogota%20bird%20superman%20quarantine%20fever%20thedrones%20street%20lockdown,NEWS Colombian police are using drones to detect high body temperatures   UnmannedAerialVehicle Bogotá Coronavirus Colombia Thermoregulation Mayor Infection District BOGOTA Bird Superman Quarantine Fever TheDrones Street Lockdown
130,worldnews%20covid_19%20covid19%20covid19sl%20covid19lk%20corona%20coronavirus%20covidvaccine%20coronavaccine%20vaccine%20vaccinated%20who%20booster%20boostershots%20immunocompromised%20sinopharm,Additional COVID19 vaccine for immunocompromised people  WHO  worldnews Covid19 COVID19 COVID19SL COVID19LK Corona coronavirus Covidvaccine CoronaVaccine vaccine vaccinated WHO Booster BoosterShots immunocompromised Sinopharm
131,coronaputin%20putin%20corona%20coronarussia,CoronaPutin Putin Corona CoronaRussia  CORONA KURSK  The little yellow troll  in botox protection gear The Corona Hero
132,corona%20coal,Like Corona  was scam   Same Coal shortage is scam
133,coronaputin%20putin%20corona%20coronarussia,CoronaPutin Putin Corona CoronaRussia  CORONA KURSK  The little yellow troll  in botox protection gear The Corona Hero
134,coronaputin%20putin%20corona%20coronarussia%20sputnik,CoronaPutin Putin Corona CoronaRussia Sputnik  CORONA KURSK  The little yellow troll  in botox protection gear The Corona Hero
135,covidー19%20corona%20math%20tutoring,COVID19 Corona Study at home math tutoring at
136,covidvaccine%20corona%20vaccine,Covidvaccine  affecting  menses  Experimental  Corona vaccine
137,breaking%20covid_19%20vaccine%20corona%20covidvaccine%20covid19nz%20lockdown,Vaccine passports nothing to do with health BREAKING Covid19 vaccine Corona CovidVaccine COVID19nz SkyNews SkyNewsAust lockdown
138,volcanic%20ash%20ecuador%20volcano%20sangay%20volcanic%20ash,Here is the latest volcanic ash advisory for Ecuador volcano Sangay stating an end of volcanic ash emissions
139,volcanic%20ash%20ecuador%20volcano%20reventador,Here is the latest volcanic ash advisory for Ecuador volcano Reventador
140,volcanic%20ash%20mexico%20volcano%20popocatepetl,Here is the latest volcanic ash advisory for Mexico volcano Popocatepetl
141,volcanic%20ash%20columbia%20volcano%20ruiz,Here is the latest volcanic ash advisory for Columbia volcano Ruiz
142,volcanic%20ash%20guatemala%20volcano%20fuego,Here is the latest volcanic ash advisory for Guatemala volcano Fuego
143,volcanic%20ash%20ecuador%20volcano%20reventador,Here is the latest volcanic ash advisory for Ecuador volcano Reventador
144,volcanic%20ash%20ecuador%20volcano%20sangay,Here is the latest volcanic ash advisory for Ecuador volcano Sangay
145,volcanic%20ash%20lapalma%20cumbrevieja%20volcano,It is raining volcanic ash in Los Llanos LaPalma  CumbreVieja volcano
146,kilauea%20weather%20satellites%20smoke%20ash%20volcanic%20vog%20halemaumau,As Kilauea continues to erupt weather satellites are able to detect the plume of smoke ash volcanic gas and vog all spewing from within the Halemaumau Crater
147,volcanic%20ash%20ecuador%20volcano%20sangay,Here is the latest volcanic ash advisory for Ecuador volcano Sangay
148,volcanic%20ash%20volcanic%20ash%20mexico%20volcano%20popocatépetl,Here is the latest volcanic ash advisory stating an end of volcanic ash emissions with steam and gas emission observed for Mexico volcano Popocatépetl
149,volcanic%20ash%20ecuador%20volcano%20reventador,Here is the latest volcanic ash advisory for Ecuador volcano Reventador
150,volcanic%20ash%20guatemala%20volcano%20fuego,Here is the latest volcanic ash advisory for Guatemala volcano Fuego
151,volcanic%20ash%20mexico%20volcano%20popocatepetl,Here is the latest volcanic ash advisory for Mexico volcano Popocatepetl
152,volcanic%20ash%20ecuador%20volcano%20reventador,Here is the latest  volcanic ash advisory for Ecuador volcano Reventador
153,volcanic%20ash%20ecuador%20volcano%20reventador,Here is the latest volcanic ash advisory for Ecuador volcano Reventador
154,volcanic%20ash%20guatemala%20volcano%20fuego,Here is the latest volcanic ash advisory for Guatemala volcano Fuego
155,volcanic%20ash%20volcanic%20ash%20mexico%20volcano%20popocatepetl,Here is the latest volcanic ash advisory stating an end of volcanic ash emissions for Mexico volcano Popocatepetl
156,volcanic%20ash%20ecuador%20volcano%20reventador,Here is the latest volcanic ash advisory for Ecuador volcano Reventador
157,volcanic%20ash%20guatemala%20volcano%20fuego,Here is the latest volcanic ash advisory for Guatemala volcano Fuego
158,lapalma%20update%20lava%20factory%20causes,LaPalma Volcano Update New Lava Arm Nears Sea  Factory Fire Causes Lo   via YouTube
159,lapalma%20cumbrevieja%20canaryislands%20canarias%20grancanaria%20lapalmavolcan%20volcancumbrevieja%20españa%20spain%20volcano%20volcan%20lava,An Acolyptic Scene at the Ocean of La Lalma where lava finally drops  LaPalma CumbreVieja CanaryIslands Canarias GranCanaria LaPalmavolcan volcanCumbreVieja España Spain volcano volcan lava
160,lapalma%20cumbrevieja%20canaryislands%20canarias%20grancanaria%20lapalmavolcan%20volcancumbrevieja%20españa%20spain%20volcano%20volcan%20lava,This is the area destroyed by new lava flow after 9 October 2021  LaPalma CumbreVieja CanaryIslands Canarias GranCanaria LaPalmavolcan volcanCumbreVieja España Spain volcano volcan lava
161,lapalma%20cumbrevieja%20canaryislands%20canarias%20grancanaria%20lapalmavolcan%20volcancumbrevieja%20españa%20spain%20volcano%20volcan%20lava,A summary of Seismic Activity at La Palma  LaPalma CumbreVieja CanaryIslands Canarias GranCanaria LaPalmavolcan volcanCumbreVieja España Spain volcano volcan lava
162,lava,Fun before bed Youngest playing ukulele and all joining in for the song lava everyone needs someone to lava
163,video%20drone%20footage%20shows%20lava%20rolling%20palma%20volcano,Video Drone footage shows lava rolling down La Palma volcano Video Drone footage shows lava rolling Palma volcano
164,furry%20furrywolf%20warrior%20hero%20superhero%20werewolf%20wolf%20wolfman%20fire%20lava%20lighthing%20drawing,Lucas in his wolf  form getting ready for battle  to fight off evil and save his friends furry furrywolf  warrior hero superhero  werewolf wolf wolfman fire lava lighthing drawing
165,eruption%20icelandvolcano%20lava%20volcano%20geldingadalir%20iceland%20fagradalsfjall%20keilir,Who wobbled the instrument today and made it inoperable again  twinderseis  Footage  Veðurstofa Ísland amp    eruption icelandvolcano lava volcano geldingadalir iceland fagradalsfjall keilir
166,lava,lava  scary view
167,erupciónlapalma%20lapalma%20cumbrevieja%20canaryislands%20canarias%20grancanaria%20lapalmavolcan%20volcancumbrevieja%20españa%20spain%20volcano%20volcan%20lava%20lapalma,Update of ErupciónLaPalma with the latest data LaPalma CumbreVieja CanaryIslands Canarias GranCanaria LaPalmavolcan volcanCumbreVieja España Spain volcano volcan lava lapalma
168,eruption%20icelandvolcano%20lava%20geldingadalir%20iceland%20fagradalsfjall%20keilir,No special incidents due to the volcano Apart from the hiker on the volcano  and downward trend of trembling   Footage  Veðurstofa Ísland amp   eruption icelandvolcano lava geldingadalir iceland fagradalsfjall keilir
169,lava,I want someone to lava
170,lapalma%20cumbrevieja%20canaryislands%20canarias%20grancanaria%20lapalmavolcan%20volcancumbrevieja%20españa%20spain%20volcano%20volcan%20lava,The new lava flow causes a “tremendous” destruction on La Palma Volcano Cumbre Vieja Canary Islands LaPalma CumbreVieja CanaryIslands Canarias GranCanaria LaPalmavolcan volcanCumbreVieja España Spain volcano volcan lava
171,lapalma%20cumbrevieja%20canaryislands%20canarias%20grancanaria%20lapalmavolcan%20volcancumbrevieja%20españa%20spain%20volcano%20volcan%20lava,New Sulphirc Cloud from la Palma volcano Cumbre Vieja  Canary Islands that is so huge LaPalma CumbreVieja CanaryIslands Canarias GranCanaria LaPalmavolcan volcanCumbreVieja España Spain volcano volcan lava
172,visualdevelopment%20conceptdesign%20conceptart%20illustration%20characterdesign%20sciencefiction%20scifiart%20scififantasy%20scifi%20keyframe%20nft%20nftart%20nftartist%20unsplash%20lava,The Only Way Out Is Through Keep Pushin visualdevelopment conceptdesign conceptart illustration characterdesign sciencefiction scifiart scififantasy scifi keyframe nft nftart nftartist unsplash lava
173,lapalmavolcan%20lapalma%20cumbrevieja%20canaryislands%20canarias%20grancanaria%20lapalmavolcan%20volcancumbrevieja%20españa%20spain%20volcano%20volcan%20lava%20canaries%20laspalmas%20erupcionenlapalma,Seismic activity in LaPalmavolcan  In the 24 hours more than 120 earthquakes have been registered  LaPalma CumbreVieja CanaryIslands Canarias GranCanaria LaPalmavolcan volcanCumbreVieja España Spain volcano volcan lava Canaries LasPalmas ErupcionenLaPalma
174,lapalma%20lapalma%20cumbrevieja%20canaryislands%20canarias%20grancanaria%20lapalmavolcan%20volcancumbrevieja%20españa%20spain%20volcano%20volcan%20lava,First photo 4 months ago the second is from yesterday  See How the landscape has been changed by ash LaPalma  Images were taken by Edu Suárez  LaPalma CumbreVieja CanaryIslands Canarias GranCanaria LaPalmavolcan volcanCumbreVieja España Spain volcano volcan lava
175,lava%20simulcharge%20rbm%20ltm,The LAVA Tablet Manager LTM is an accompanying mobile app for use with RBMequipped SimulCharge adapters But what exactly does it do  Read our latest blog article to find out more about the LTM app      LAVA SimulCharge RBM LTM
176,lapalma%20cumbrevieja%20canaryislands%20canarias%20grancanaria%20lapalmavolcan%20volcancumbrevieja%20españa%20spain%20volcano%20volcan%20lava%20canaries%20laspalmas%20erupcionlapalma%20erupcion,This Video of explosions at Industrial Zone was recorded by Diego Acosta from his home  LaPalma CumbreVieja CanaryIslands Canarias GranCanaria LaPalmavolcan volcanCumbreVieja España Spain volcano volcan lava Canaries LasPalmas ErupcionLaPalma Erupcion
177,ign%20lapalma%20cumbrevieja%20canaryislands%20canarias%20grancanaria%20lapalmavolcan%20volcancumbrevieja%20españa%20spain%20volcano%20volcan%20lava%20canaries%20laspalmas%20erupcionenlapalma%20erupcion,Last nights images of the advance of the laundry seen from the total station of IGN  LaPalma CumbreVieja CanaryIslands Canarias GranCanaria LaPalmavolcan volcanCumbreVieja España Spain volcano volcan lava Canaries LasPalmas ErupcionenLaPalma Erupcion
178,lapalma%20cumbrevieja%20canaryislands%20canarias%20grancanaria%20lapalmavolcan%20volcancumbrevieja%20españa%20spain%20volcano%20volcan%20lava,Terriblel Destruction Industrial Buildings Gata alley  LaPalma CumbreVieja CanaryIslands Canarias GranCanaria LaPalmavolcan volcanCumbreVieja España Spain volcano volcan lava
179,lapalma%20cumbrevieja%20canaryislands%20canarias%20grancanaria%20lapalmavolcan%20volcancumbrevieja%20españa%20spain%20volcano%20volcan%20lava%20canaries%20laspalmas%20erupcionenlapalma%20erupcion,Also today the Volcano Cumbre Vieja is emitted huge clouds of dark smoke like of burning coal  LaPalma CumbreVieja CanaryIslands Canarias GranCanaria LaPalmavolcan volcanCumbreVieja España Spain volcano volcan lava Canaries LasPalmas ErupcionenLaPalma Erupcion
180,lapalma%20cumbrevieja%20canaryislands%20canarias%20grancanaria%20lapalmavolcan%20volcancumbrevieja%20españa%20spain%20volcano%20volcan%20lava%20canaries%20laspalmas,The reason behind Confinement is the release of gases from the cement Plant which was overtaken by the Lava  LaPalma CumbreVieja CanaryIslands Canarias GranCanaria LaPalmavolcan volcanCumbreVieja España Spain volcano volcan lava Canaries LasPalmas
181,lapalma%20cumbrevieja%20canaryislands%20canarias%20grancanaria%20lapalmavolcan%20volcancumbrevieja%20españa%20spain%20volcano%20volcan%20lava%20canaries%20laspalmas,Today The Darkness Prevails on La Palma  This video was recorded from the Carretera El Hoyo Todoque in Las Manchas  LaPalma CumbreVieja CanaryIslands Canarias GranCanaria LaPalmavolcan volcanCumbreVieja España Spain volcano volcan lava Canaries LasPalmas
182,lapalma%20cumbrevieja%20canaryislands%20canarias%20grancanaria%20lapalmavolcan%20volcancumbrevieja%20españa%20spain%20volcano%20volcan%20lava,Todays Video of Cumbre Vieja volcano La Palma  Canary Islands  Notice the massive amount of Volcanic Ash at ground  LaPalma CumbreVieja CanaryIslands Canarias GranCanaria LaPalmavolcan volcanCumbreVieja España Spain volcano volcan lava
183,uranium%20greenenergy%20fossilfuels%20nuclear%20carbonfree%20esg,Hedge funds snap up Uranium in bet on GreenEnergy shift  A global energy crunch has highlighted the role of uranium in a transition away from FossilFuels with nuclear fuel price rising 37 this year to 2016 levels CarbonFree 247 ESG
184,taiwan%20usa%20nuclear%20bribe%20nuclearwaste%20china,Taiwan separatists are US puppets USA built the nuclear reactors amp is obligated to remove the waste  Tsai Ingwen offered a bribe to the Tao to keep the leaking  NuclearWaste on Orchid Island   Now Taiwan boasts its missile can hit China
185,eu%20nuclear,Is Nuclear Energy Green Energy 10 EU Countries Call On Brussels To Add It To the List  EU NUCLEAR
186,nuclear%20terrorists%20ccp,This is what happens when you coddle nuclear terrorists  and their sponsor the CCP gt Flanked by nuclear missile NKorean leader says US SKorea threaten peace
187,saudiarabia%20nuclear%20iran%20libya,SaudiArabia supported Pakistan during nuclear proliferation issue while Iran  and Libya  ditched them
188,nuclear%20uranium%20thorium%20repeal140a%20auspol%20auspol2021,Wind farm owners denied turbines were too loud yet claimed compensation for them   nuclear uranium thorium repeal140A auspol auspol2021
189,nuclear,Bangladesh wants to build another nuclear power plant after its first one is completed Prime Minister Sheikh Hasina said yesterday as work at the Rooppur plant reached a critical milestone
190,navys%20virginia%20submarine%20attack%20nuclear%20fbi%20jonathantoebbe%20secrets%20traitors,The Navys Virginia submarine can stay submerged for months and attack fast using highly classified nuclear technologyThe FBI says jonathantoebbe attempted to sell its secrets to an unidentified country and his wife often acted as a lookoutTraitors are the death penalty
191,nuclear%20france,That is the way to go  That is the main lesson from the current energy crisis  Nuclear France France bets on more nuclear power in face of Europe energy crisis
192,nuclear,The Board of Management of the UAEs Federal Authority for Nuclear Regulation FANRUAE today approved a licence for NawahEnergy to conduct regulated activities at unit 3 of the Barakah nuclear power plant
193,nuclear,GB Grid Nuclear is generating 397GW 1769 out of 2243GW
194,nuclear%20auspol%20nuclearenergy%20thorium%20smr,Bangladesh plans another nuclear power plant   Yes Auspol Get serious about NuclearEnergy We need that 247 Reliable ULTRA Low CO2 electricity in Australia We need Thorium and Small Modular Reactors SMR
195,nuclear,Nuclear energy must be included in the framework of the European taxonomy before the end of this year energy and economy ministers from ten EU member states said in a joint article published in several European newspapers yesterday
196,renewables%20auspol%20smr%20thorium%20nuclear%20nuclearenergy,NO windsolar nonhydro renewables have failed to support any modern industrial economy anywhere auspol   For that we need 247 Reliable ULTRA Low CO2 electricity We need Small Modular Reactors SMR amp Thorium Nuclear Energy We need NuclearEnergy
197,nuclear%20auspol%20rethinknuclear,Nuclear power provides a dependable foundation for our society post fossil fuels   Its time for the Greens and Australia to embrace nuclear power Auspol RethinkNuclear
198,nuclear%20auspol%20nuclearenergy%20thorium%20smr,Japans new PM wants to restart nuclear power in the country   Yes Auspol We need that 247 Reliability of ULTRA Low CO2 electricity from NuclearEnergy in Australia needs Time to Get Serious about Thorium amp modern Small Modular Reactors SMR
199,dogecoin%20nuke%20nukedukem%20playtoearngame%20bscgems%20bsc%20nuclear%20doge,Nuke Dukem Coming Soon Still in early development  DOGE ABOUT TO GET REKT  dogecoin NUKE NukeDukem  PlayToEarnGame BSCGems BSC nuclear doge
200,renewables%20auspol%20smr%20thorium%20nuclear%20nuclearenergy,NO renewables will not decarbonise Australia auspol   We need 247 Reliable ULTRA Low CO2 electricity from Small Modular Reactors SMR amp thorium nuclear We need NuclearEnergy
201,nuclear%20auspol%20nuclearenergy%20thorium%20smr,Sorry Bob Carr the time is ripe for nuclear   Yes Auspol We need that 247 Reliability of ULTRA Low CO2 electricity from NuclearEnergy Australia needs to get serious about Thoriumamp modern Small Modular Reactors SMR
202,renewables%20auspol%20smr%20thorium%20nuclear%20nuclearenergy,NO renewables will not save us auspol   We need 247 Reliable ULTRA Low CO2 electricity from Small Modular Reactors SMR amp thorium nuclear We need NuclearEnergy
203,thorium%20moltensalt%20nuclear%20followthescience%20nuclearenergy,Is the Thorium moltensalt reactor the secret to clean affordable energy Sean Kenny explains   nuclear followthescience nuclearenergy
204,nuclear,Theres absolutely no excuse for any culture of secrecy of course Nuclear operators should continue to strive to lead the world in safety culture   1013
205,nuclear,3b It doesnt look like that classic slab of constant energy sure but it does kinda look like how nuclear runs in Germany right now   713
206,flickr%20pottstown%20pottstownpa%20limerick%20limerickpa%20streetphotography%20streetphoto%20blickcalle%20viewfromthestreet%20powerplant%20towers%20twotowers%20nuclear%20nuclearenergy%20limerickpowerplant%20coolingtowers%20trees%20dangerous,Limerick Nuclear Power Plant flickr   Pottstown PottstownPA Limerick LimerickPA StreetPhotography StreetPhoto BlickCalle ViewFromTheStreet  powerplant towers twotowers nuclear NuclearEnergy LimerickPowerPlant coolingtowers trees dangerous
207,uranium%20guide%20investing%20uranium%20mining%20nuclear,If U are new to Uranium then browse thru my newly updated Guide to Investing in the Uranium Mining Sector  Nuclear Fuel” full of many useful resources to help U to learn about and successfully invest in this Uranium bull market
208,usa%20nuclear%20submarine%20australia%20china,smh USAs nuclear submarine collided with unknown object   We Australia bought this technology Is this the technology we are going to take to the war with China Really
209,nuclear%20secrets%20nom,Lemme make one thing clear If you hand me nuclear secrets in a peanut butter sandwich it will be eaten I repeat the secrets WILL be eaten nuclear secrets nom
210,bhp%20sustainability%20environment%20australia%20nuclear%20netzero%20exploration%20rex%20uranium%20colorado%20asx%20asxnews%20uraniumsqueeze,BHPs VP of Sustainability and Environment says Australia cant ignore nuclears potential in the race to NetZero   DLC recently resumed exploration work at the REX uranium project in Colorado  ASX DLCax ASXnews uraniumsqueeze
211,nuclear,GB Grid Nuclear is generating 397GW 1755 out of 2262GW
212,nuclear,Flanked by nuclear missile NKorean leader says US SKorea threaten peace  NUCLEAR
213,solar%20nucleogenesis%20nuclear,Hypothesis by Elizabeth P Tito and Vadim I Pavlov  Hypothesis about Enrichment of Solar System     MDPIOpenAccess univlille Scientific Advisory Group  solar nucleogenesis nuclear
214,breakingnews%20news%20president%20monday%20foryou%20america%20biden%20israel%20nuclear%20iran%20viral,Israel PM alerts the world at the UNGA that Iran has crossed the red line with their nuclear program  Learn more   OR Text TRUTH to 88202 and sign up for FREE   breakingnews news president monday foryou america biden israel nuclear iran viral
215,nuclear,We speak with documentarian Jeff Daniels who investigates the making and broadcast of ‘80s TV movie event the nuclear shocker The Day After  Television Event screens and streams sydfilmfest
216,stocks%20uranium%20mining%20nuclear%20carbonfree%20cleanenergy%20esg,Todays CNBC Top Stocks to Watch was led by North Shore Global Uranium Mining ETF URNM  Nuclear CarbonFree 247 CleanEnergy ESG
217,nuclear%20rethinknuclear%20netzero%20auspol,An increased reliance on weather dependent renewables amp the forced phase out of nuclear are contributing to a global energy crisis  Australia must RethinkNuclear to ensure energy security as we transition to NetZero  auspol
218,china%20nuclear%20taiwan%20southchinasea,China like America has a nuclear deterrent from crossing the nuclear threshold which is very pronounced in recent events China nuclear taiwan SouthChinaSea
219,uranium%20japan%20nuclear,Uranium gets a boost from Japan’s nuclear sea change
220,nuclear%20germany,TheFrackingGuy montaguethecat Or stop turning off nuclear power stations Germany
221,nuclear%20energy%20renewables%20green,Is Nuclear Energy Green Energy 10 EU Countries Call On Brussels To Add It To the List Slashdot nuclear energy renewables green
222,northkorea%20southkorea%20koreanpeninsula%20koreanwar%20dprk%20kimjongun%20us%20donaldtrump%20joebiden%20nuclear%20nuclearweapons,North Korea’s Kim Jongun says US is ‘root cause’ of instability on peninsula   NorthKorea SouthKorea KoreanPeninsula KoreanWar DPRK KimJongUn US DonaldTrump JoeBiden nuclear NuclearWeapons
223,iran%20nuclear,Iran reacts to lifting sanctions  All Sanctions including nuclear related sanctions must also be lifted and we will need some time to verify them before we consider returning to nuclear deal
224,nuclear,NuclearFreeAus FrantaJaro Scottludlam Nuclear energy remains steady or expands materially up to 5x the 2010 level in all the representative pathways identified by IPCCCH that limit global warming to 15C It is the scientific consensus Can you please cite any contradicting report
225,nuclear,GB Grid Nuclear is generating 397GW 1715 out of 2313GW
226,unitedstates%20westvirginia%20fbi%20submarine%20nuclear,UnitedStates Navy nuclear engineer wife arrested for selling nuclear submarine secrets WestVirginia FBI Submarine Nuclear
227,energy%20nuclear%20greenpower,In Global Energy Crisis AntiNuclear Chickens Come Home to Roost   “In virtually every country that has closed nuclear plants clean electricity has been replaced with dirty power”   energy nuclear greenpower
228,aqkhan%20nuclear%20bomb,AQKhans nukeformoney network is a blot in Science and for Scientists AQKhan remains an uninspiring model nuclear BOMB
229,nuclear%20nuclearwaste%20radioactive%20radiation,Story on Hanford nuclear site danger to Columbia River among other things Seems like another penny wise pound foolish tale  nuclear nuclearwaste radioactive radiation
230,nuclear%20fusion%20physicists%20fusion,Can Nuclear Fusion Put the Brakes on Climate Change   A fascinating read Physicists and research institutions have toiled to shield the earth and its inhabitants from polluting fossil fuels Now they seem to have the answer in fusion    via NewYorker
231,uranium%20netzero%20nuclear%20nuclearpower,Uranium Week NetZero Puts Nuclear In Focus   nuclearpower
232,nuclear,GB Grid Nuclear is generating 397GW 1721 out of 2306GW
233,nuclear%20auspol%20rethinknuclear,3 recent polls show that the majority of Australians support nuclear power including a growing number of Greens MehreenFaruqi will you amp the Greens now support nuclear power   If not wouldnt that make this tweet hypocritical auspol RethinkNuclear
234,eu%20france%20brussels%20nuclear%20greenwashing%20climateemergency,Ten EU countries all who depend on nuclear led by France have called on Brussels to label nuclear energy as a green source greenwashing ClimateEmergency
235,nuclear%20walmart%20pakistan%20army%20north%20korea%20libya%20iran,134irp Nuclear Walmart aside Pakistan army sold nuclear weapons  technology to North Korea in exchange for missile technology Libya and Iran and possibly to Saudi Arabia and Turkey rumored but unconfirmed
236,nuclear%20plantvogtle%20gasenate%20gahouse%20westinghouse,nuclear plantvogtle gasenate gahouse westinghouse  White collar executive to prison in doomed Vogtle Vortex twin nuclear project Caught lying about progress at SC twin of Vogtle Vortex It was going great until it really wasnt Dirty nuclear again
237,cargo%20train%20fire%20injures%20people%20riverside%20county,Cargo train fire injures two people in Riverside County Cargo train fire injures people Riverside County
238,fire%20sprinkler%20tested%20maintained%20train%20stations,Case study A fire sprinkler system that is regularly tested and maintained is crucial for any public area but especially so for train stations which are mostly enclosed and subterranean
239,trainspotting%20railway%20news%20train%20rail%20fire%20wales,Agencies come together to commemorate the anniversary of the freight train derailment at Llangennech    trainspotting railway news train rail fire wales
240,trainspotting%20railway%20news%20train%20rail%20fire%20wales,Agencies come together to commemorate the anniversary of the freight train derailment at Llangennech   trainspotting railway news train rail fire wales
241,chinese%20mandarin%20learnchinese%20learnmandarin%20fire%20car%20train,The Chinese word for train is  huǒchē a combination of fire  and car      chinese mandarin learnchinese learnmandarin fire car train
242,train%20fire%20boxing%20thesweatlife,On fire  just like my face  train fire boxing thesweatlife
243,paint%20system%20skull%20doubleskull%20diamond%20graff%20green%20nature%20yotz%20bubbles%20bubble%20train%20trains%20training%20tracks%20fire%20gold%20tea%20teatime,Fixing up some beef  Maybe I’ll make a taco salad • paint system skull doubleskull diamond graff green nature yotz bubbles bubble train trains training tracks fire gold tea teatime  Turtle Island
244,trainspotting%20railway%20rail%20train%20travel%20scotland%20troon%20fire,Troon Station Fire ScotRail begins to assess damage to railway station   trainspotting railway rail train travel scotland troon fire
245,trainspotting%20railway%20rail%20train%20travel%20scotland%20troon%20fire,No alternative transport is available today Please check before travelling   trainspotting railway rail train travel scotland troon fire
246,trainspotting%20railway%20rail%20train%20travel%20news%20scotland%20troon%20fire,The devastating fire ripped through the building on platform 1 at Troon yesterday   trainspotting railway rail train travel news scotland troon fire
247,fires%20rail%20trains%20fire%20cnrail%20train%20smoke,“trains often cause fires  there are a lot of fires in the canyon caused by rail service A lot trains  Lytton fire CNRail responds to social media video showing train covered in smoke  CTV News
248,fire%20train%20saltfire,Heres the fire train  fighting the SaltFire
249,rbandme%20findyourthing%20redbubble%20energy%20environment%20train%20diamond%20mountain%20coalmine%20fuelprice%20burn%20fire%20baseball%20shirts%20menswear,Get my art printed on awesome products Support me at Redbubble RBandME    findyourthing redbubble energy environment TRAIN Diamond Mountain coalmine FuelPrice BURN Fire BaseBall shirts menswear
250,jun30%20firefightersday%2030jun%20díadelbombero%20chile%20train%20life%2030dejunio%20firefighters%20bomberos%20fire%20disney%20habes%20legodisney%20minifigures%20cty0342%20col349%20dis036%20ephemebricks%20legoefemérides,Jun30  FirefightersDay in Chile 30Jun  DíadelBombero en Chile Train as if your life depends on it Because it does  30deJunio Firefighters Bomberos fire disney habes legodisney … Minifigures  cty0342 col349 dis036  EphemeBricks LegoEfemérides
