index,keyword,text,label
200,luxurytravel%20travel%20luxury%20luxuryhotel,First of Qantas upgraded A380 aircraft take to the skies LuxuryTravel Travel Luxury LuxuryHotel,0
201,logomaker%20luxury%20designlogo%20minimalistlogo%20modern%20logodesign,I will do modern minimalist luxury logo design logomaker luxury designlogo minimalistlogo modern logodesign,0
202,rolex%20tudor,Comparison of two panda chrono   Rolex Tudor,0
203,rolex%20tudor,Comparison of two panda chrono   Rolex Tudor,0
204,rolex%20watches%20jewellery,Vintage Ladies Rolex Cocktail Watch 14k Gold 15mm Diamond Bezel Manual Wind 8197   rolex watches and jewellery,0
205,chrono24%20rolex%20cartier%20fpjourney%20patekphilippe,chrono24 Magazine In Defense of Quartz 4 Collectible Quartz Watches Worth A Closer Look     chrono24 rolex cartier fpjourney patekphilippe,0
206,rolex%20watches%20jewellery,Rolex Mens DayDate 36 Yellow Gold President 18238 Wristwatch  Blue Dial   rolex watches and jewellery,0
207,bts%20btsarmy,M  Ma City I  I Need U N  No More Dream T Tomorrow  Y Young Forever P  Paldogangsan BTS BTSARMY,0
208,bts%20army%20ë°©í___,THIS edit BTS ARMY  BTStwt,0
209,bts%20scetv%20charleston,DiscoverSC and ExploreCHS with DarleyNewman along The Liberty Trail BTS SCETV Charleston,0
210,bts%20army%20bloodsweatandtears800m,Why don_ we use Blood Sweat amp Tears Japanese ver for a transition tiktok video BTStwt ArmyGotTalents BTS ARMY bloodsweatandtears800M,0
211,jungkook%20¸ã_³ã_%20bts,Im rooting for JUNG KOOK    JUNGKOOK  BTS via KPOPJUICEEN,0
212,rm%20¢ã_«ã_%20bts,Im rooting for RM    RM  BTS via KPOPJUICEEN,0
213,wts%20bts,Update pc yang sold out  WTS bts,0
214,bts,Online Compilation Concert 6  BTS   SINCE 2013  2021   via YouTube,0
215,hangul%20korean%20kpopindiana%20indiana%20ê´_°®%20gwenchana%20bts%20dreamcatcher%20twice%20straykids%20kpop,Here_ a Korean vocab lesson for a phrase we all like to hear GWENCHANA  which means _T_ OKAY   Do you know any Kpop songs with  in its lyrics   hangul korean kpopindiana indiana  gwenchana bts dreamcatcher twice straykids kpop,0
216,ë°©í___%20bts,Most touching bts performance sharing this beautiful performance of bts   BTS_BTStwt,0
217,suga%20·ã_%20bts,Im rooting for SUGA    SUGA  BTS via KPOPJUICEEN,0
218,bts%20txt%20enhypen,Co ArmyMoaEngene I need your help    BTS TXT ENHYPEN,0
219,vmin%20vminau%20vminfanart%20jimin%20jimintober%20jiminfanart%20taehyung%20taehyungfanart%20btsjimin%20btsv%20vampirejimin%20art%20bts%20btsfanart%20parkjimin%20kimtaehyung%20btsarmy%20jiminday,VMIN IS FINALLY DONE Omg I_ DONE What you guys think  vmin vminau vminfanart JIMIN JIMINTOBER jiminfanart TAEHYUNG taehyungfanart BTSJIMIN BTSV vampirejimin art BTS btsfanart ParkJimin KimTaehyung BTSARMY JIMINDAY,0
220,jimin%20¸ã_%20bts,Im rooting for JIMIN    JIMIN  BTS via KPOPJUICEEN,0
221,jin%20¸ã_%20bts,Im rooting for JIN    JIN  BTS via KPOPJUICEEN,0
222,bts%20twice,Spotify Monthly Listeners  BTS 38530502 402263 TWICE 8262431 101702  BTS   TWICE   BTStwt JYPETWICE,0
223,bts,Online Compilation Concert 6  BTS   SINCE 2013  2021   via YouTube,0
224,bts%20jungkook%20jk%20kook%20kookie%20sumsung%20btsarmyforever%20btsforever,Samsung  _S Jungkook beautiful bts jungkook jk kook kookie sumsung btsarmyforever btsforever,0
225,bts,Online Compilation Concert 6  BTS   SINCE 2013  2021    YouTube,0
226,v%20´ã_%20bts,Im rooting for V    V  BTS via KPOPJUICEEN,0
227,_µ­%20jungkook%20bts,we will not survive    JUNGKOOK BTS,0
228,indoordining%20delicious%20yummy%20healthy%20dinner%20lunch%20takeout%20supportlocal%20fresh%20patio%20foodlover%20italian%20indoorisopen%20patioisopen%20foodblogger%20italianfood%20italianrestaurant%20lavecchia%20thanksgiving,Have a blessed Thanksgiving Day    We are closed today   indoordining delicious yummy healthy dinner lunch takeout supportlocal fresh patio foodlover italian indoorisopen Patioisopen foodblogger italianfood italianrestaurant LaVecchia thanksgiving,0
229,atlfoodie%20asianfusion%20eatatlanta%20atlantafood%20atlantaeats%20bubbletea%20boba%20goodfood%20asiankitchen%20lunch%20dinner%20tdak,Tea be honest nothing hits the spot like boba  Vietnamese Coffee Frappe amp Mango Passionfruit Boba Tea  FREE delivery on Uber Eats  atlfoodie asianfusion eatatlanta atlantafood atlantaeats bubbletea boba goodfood asiankitchen lunch dinner tdak,0
230,dinner%20yayas,How delicious is this spread from our friend HerbivoreCucina by Smruti   The best part Its allllll Yayas Garden You can have this dinner spread too just pop your favorite Yayas meal into the microwave  Find us near you here,0
231,thanksgiving2021%20dinner%20fall%20eattogether,Wishing everyone a warm and happy Thanksgiving from the entire team at YourTable   Thanksgiving2021 dinner fall eattogether,0
232,furniture%20dinner%20dinningtable%20laxury%20paid%20promotion%20iploffer%20interior%20living%20decor%20followforfollowback%20likesforlike%20life%20instagram%20instagood%20instalike%20instamood%20thankyou%20panindia%20expresshipping%20dolike,woodsfreak sofa yours personal comfort zone furniture dinner dinningtable laxury paid promotion iploffer interior living decor followforfollowback likesforlike life instagram instagood instalike instamood thankyou panindia expresshipping dolike,0
233,dinner%20dinnertonight%20tonight%20whatisfordinnertonight,Tonights Dinner Beef EntrecÃ´te with caramelized funnel chantarelles roasted parsnips and a tomato sallad Paired with Trappistes Rochefort Extra    DinnerTonight Tonight WhatIsForDinnerTonight,0
234,travelagents%20networkingevent%20dinner%20bocaratonflorida%20caricature%20fortlauderdalecaricatureartist%20partyentertainer%20caricaturist%20miami%20browardcounty%20palmbeachcounty,TravelAgents NetworkingEvent and Dinner in BocaRatonFlorida organizers booked Caricature Entertainment by FortLauderdaleCaricatureArtist Jeff Sterling  For PartyEntertainer Caricaturist availability between Miami  BrowardCounty and PalmBeachCounty 9543051725,0
235,gotemba%20breakfast%20throwback%20trip%20japan%20drive%20brunch%20dinner%20food,it was cloudy so couldnt see mount fuji from the factory outlet TwT went all the way to Gotemba station for dinner and it was good stayed for 2 nights enjoyed the breakfast again and left for Tokyo throwback trip japan drive brunch dinner food,0
236,dinner%20thisiswhyimfull,Yum dinner alone   thisiswhyimfull,0
237,airfreyr%20chicken%20taquitos%20tortillas%20mexican%20dinner%20recipes,Air Fryer Chicken Taquitos Recipe Yummy Mexican taquitos cooked in an air fryer airfreyr chicken taquitos tortillas mexican dinner recipes,0
238,pasta%20latergram%20dinner%20pesto%20glutenfree,Are you a twirler   pasta latergram dinner pesto glutenfree,0
239,dinner%20thisiswhyimfull,Yum dinner alone   thisiswhyimfull,0
240,dinner%20cruises%20cruiseship%20celebrityedge%20celebritycruises%20people%20yerotravels,There are two elegant nights on a 7Night Cruise where most people go all out to dress up for dinner one of those nights could be the Captain_ Dinner night yesterday was one one of those   dinner cruises cruiseship celebrityEdge celebritycruises people yerotravels,0
241,dinner%20recipes%20somethingnew%20jhe,Taste Of Malabar 7 MalabarStyle Recipes You Would Love To Devour  NDTV Food The Malabari cuisine is made up of delicious dishes Â· Some of which are the Malabar chicken Malabar fish biryani etc Â· Here are 7   dinner recipes somethingnew JHE,0
242,hamburger%20food%20delicious%20frenchfries%20burgertime%20burgerlove%20goodeats%20lunch%20dinner%20yummy%20armadillos,Your favorite burgers aren_ out of reach Leave the cooking to us_ Visit your nearest location    Hamburger Food Delicious FrenchFries BurgerTime BurgerLove GoodEats Lunch Dinner Yummy Armadillos,0
243,thanksgiving%20disabilities%20technology%20independence%20dinner,Happy Thanksgiving to all our Canadian friends Today is  the day to eat massive amounts of food Some disabilities make it difficult to eat independently Weve put together technology that will bring independence back to the dinner table,0
244,qualitymeat%20nyc%20dinner%20lingandlamb%20goodpeople,It was amazing meeting up with Mama T tiwasavage  last night in NYC Great moment filled with laughter and amazing FOOD    Thanks for having us   qualitymeat Nyc dinner lingandlamb goodpeople,0
245,mondaythoughts%20dinner%20family%20foodie%20comingoutday,Tempting for dinner  Absolutely  mondaythoughts dinner family foodie ComingOutDay  C,0
246,mondaythoughts%20dinner%20family%20foodie%20comingoutday,Tempting for dinner  Absolutely  mondaythoughts dinner family foodie ComingOutDay  C,0
247,food%20meals%20restaurant%20lounge%20vulkanfoodsandlounge%20africanfoods%20nigerianfoods%20recipes%20healthyeating%20naijadelicacies%20breakfast%20lunch%20dinner%20appetizer%20desserts%20maincourse%20igbokwenu%20igbo,Sharwama promo   Hurry now   food meals restaurant lounge vulkanfoodsandlounge africanfoods nigerianfoods recipes healthyeating naijadelicacies breakfast lunch dinner appetizer desserts maincourse igbokwenu igbo,0
248,monday%20dinner%20vegetable,Monday Dinner 530pm Broken wheat upma with vegetable sautÃ©ed vegetables   and brown channa curryp,0
249,mondaythoughts%20dinner%20family%20foodie%20comingoutday,Tempting for dinner  Absolutely  mondaythoughts dinner family foodie ComingOutDay  C,0
250,buckhead%20decatur%20eastpoint%20lunch%20dinner%20daily,Retweet Please  Louisiana Bistreaux Seafood Kitchen  Buckhead Decatur EastPoint Lunch Dinner Daily Private Dining Catering   You have to try this place We ordered the fried okra gumbo and shrimpgritssausage,0
251,dinner%20thisiswhyimfull,Yum amazing dinner thisiswhyimfull,0
252,shrimp%20casafiestafrankfort%20frankfortky%20mexicanfood%20lunch%20dinner,Need ideas for lunch or dinner Maybe Coconut Shrimp We would love to cook for you today     shrimp casafiestafrankfort frankfortky mexicanfood lunch dinner,0
253,dadhaikus%20parenting%20dinner,DINNER MARKETING _hy not check out  these new alluringly bold  lima beans and corn dadhaikus parenting dinner,0
254,dinner%20dinnertonight%20tonight%20whatisfordinnertonight,Mango chicken with rice    Dinner DinnerTonight Tonight WhatIsForDinnerTonight,0
255,dinner%20recipes%20somethingnew%20jhe,Home deliveries medically tailored meals The next phase in the fight over food insecurity  Food justice advocates have long wrestled with the social stigma imposed on people who need food assistance From the   dinner recipes somethingnew JHE,0
256,homecooked%20homecookedfood%20homecookedmeal%20homecafe%20dinner%20dinnertime%20dinnertonight%20homecookedmeals%20salmon,Sometimes I amaze myself with the creations I have come up with in the kitchen This stuffed salmon casserole was absolutely delicious homecooked homecookedfood homecookedmeal homecafe dinner dinnertime dinnertonight homecookedmeals salmon,0
257,rememberingdavidross%20food%20cooking%20egulletx%20egullet%20lunch%20dinner%20potatoes%20simplefood%20satisfyingfood%20frenchcooking%20inspiringfood%20simplefrenchfood%20easyfrenchfood%20potatoinspo%20thyme%20bacon,Post in Your Best French Bistro Dishes   rememberingDavidRoss food cooking egulletx egullet lunch dinner potatoes simplefood satisfyingfood frenchcooking inspiringfood simplefrenchfood easyfrenchfood potatoinspo thyme bacon,0
258,dinner%20selenagomez%20wallys,Selena Gomez Spotted inPink After Beverly Hills Dinner   Dinner SelenaGomez Wallys,0
259,dinner%20lunch%20hamster,Lunchtime is the best time D We are now on our dinner so please bear with us if you are trying to get through by phone We will be back with you soon  dinner lunch hamster,0
260,dinner%20sweets%20autumn%20nagoya%20japan%20mmn,FOODSPOTApplause Square Nagoya to Offer Autumn Dinner with Birthstoneinspired Sweets  ENG         Dinner Sweets Autumn Nagoya Japan MMN,0
261,bruceupdate%20meal%20dinner,11 Oct 2021 at 1958  bruceupdate meal dinner,0
262,karlscabin%20steak%20dip%20sandwich%20lunch%20dinner%20plymouthmi%20annarbor%20northville%20southlyon,Happy Monday  Serving Yummy Sandwiches from 1110pm today     Karlscabin steak dip sandwich lunch dinner plymouthmi annarbor northville southlyon,0
263,candlelight%20dinner%20thefernsattvaresort%20fernpolo%20poloforest%20gujaratkakashmir%20gujarat%20gujarattourism%20hospitalitywithresponsibility%20karwachauth%20teej%20chauth,Make your wife feel special with a romantic candlelight dinner at our resort   TheFernSattvaResort FernPolo PoloForest GujaratKaKashmir Gujarat GujaratTourism HospitalityWithResponsibility KarwaChauth  Teej  Chauth,0
264,dinner%20recipes%20somethingnew%20justhungryeveryday,Global meal replacement products market size to register 764 CAGR through 2027 For the unversed meal replacement products are foods amp beverages which are consumed as an alternative for normal meals   dinner recipes somethingnew JustHungryEveryDay,0
265,seaside%20dinner%20dogs%20mondaythoughts,Batel went to the seaside then ate all his dinner last night He is not off the danger list yet amp has more tests tomorrow  If you would like to donate towards Batels vet bills our PayPal is infomiraclesmissionorg   Thank you so much for your support  dogs mondaythoughts,0
266,dinner%20dinnertonight%20tonight%20whatisfordinnertonight,Nationality noodles Taiwan    Dinner DinnerTonight Tonight WhatIsForDinnerTonight,0
267,italian%20night%20out%20vermont%20smile%20happy%20love%20live%20best%20best%20bestoftheday%20dinner%20weekend%20sunday,Out with amazing company hairbykellyformalarie amymariebaldarelli lizadorable you girls are the best italian night out vermont smile happy love live best best bestoftheday dinner weekend sunday,0
268,dinner%20pasta%20homecooking%20mydishes%20à¸_¸£à¸±à¸§à¸_¸²à¸£à¸²,Casareccia pasta with bacon in cream sauce  dinner pasta homecooking mydishes à¸_¸£à¸±à¸§à¸_¸²à¸£à¸²,0
269,gorlami%20steak%20bigmeat%20eatup%20dinner,When your wife cooks a bangin meal for you gorlami steak bigmeat eatup dinner  Gulf Highlands,0
270,meals%20dinner%20trophystatus%20thisiswhyimfull,I really can throw together some good meals last minute Dinner TrophyStatus thisiswhyimfull,0
271,dinner%20recipes%20somethingnew%20justhungryeveryday,Love is the secret ingredient in Pig  The Michigan Daily Ill admit if Nicolas Cage cooked a meal for me Id be a little weirded out but Id still be flattered Yet thats exactly what he does in   dinner recipes somethingnew JustHungryEveryDay,0
272,keto%20challenge%20october2021%20dinner%20homemadefood%20healthyfood%20healthyeating%20foodstagram%20instafood%20recipeoftheday%20staysafestayhealthy%20ketorecipes%20mindfulness%20ketofriendly,keto challenge for the month of October2021 Day 11 dinner Asian Stirfry homemadefood HealthyFood HealthyEating  foodstagram instafood RecipeOfTheDay  StaySafeStayHealthy ketorecipes mindfulness ketofriendly,0
273,esmeals%20soyachunkskisabji%20afotableprice%20dinner%20foodie%20followersinstagram%20followforfollowback%20deliciousfood%20dailycooking%20folllw%20flatmates%20followï½_%20goodvibes%20keepsupporting%20love,Monday Dinner  esmealspromotionsgmailcom   Esmeals soyachunkskisabji afotableprice Dinner foodie followersinstagram followforfollowback deliciousfood dailycooking folllw flatmates followe goodvibes soyachunkkeepgoing keepsupporting love,0
274,oceanmall%20buymeanocean%20food%20dinner%20lunch%20friends,Visit with friends amp family to enjoy meals in the comforts of our indoor dining  Oceanmall Buymeanocean food dinner lunch friends,0
275,weeklymenu%20bookblog%20booksandfood%20momswithablog%20food%20foodblogger%20foodie%20dinnerandabook%20letseat%20dinner%20whatsfordinner%20menu%20easyrecipes%20onthetable%20igfood%20instafood%20boysmom%20amreading%20booklovers,Weekly Menu 425 And The Book Of The Week   WeeklyMenu BookBlog BooksandFood MomsWithABlog Food FoodBlogger Foodie Dinnerandabook LetsEat Dinner WhatsForDinner Menu EasyRecipes OnTheTable IGFood InstaFood Boysmom Amreading  Booklovers,0
276,dinner%20thatsitalian,Seared tuna steak alla putanesca with spaghetti SautÃ©ed broccoli di rape   dinner thatsitalian  University Heights San Diego,0
277,dinner%20dinnertonight%20tonight%20whatisfordinnertonight,Maple bourbon steak tips twice baked potatoes and overcooked Brussels sprouts    Dinner DinnerTonight Tonight WhatIsForDinnerTonight,0
278,dinner,Making some dinner,0
279,dinner%20thisiswhyimfull,Hearts of palm salad Avocado bunch of other veggies and some cucumber tzaziki sauce dinner thisiswhyimfull,0
280,dinner,Dinner is served,0
281,hungry%20dinner,Lovechuckmeh Which would be which for you for each of these ostrich papaya red wine  hungry dinner,0
282,keto%20ketorecipes%20ketogenicdiet%20charcuterie%20ketodiet%20goodeats%20lunch%20dinner,The neverfail solution to the _hat should I have for lunchsnackdinner question Check out our best tips for a keto charcuterie board    keto ketorecipes ketogenicdiet charcuterie ketodiet goodeats lunch dinner,0
283,food%20indian%20tikka%20masala%20foodies%20lunch%20dinner,How to get excited about Indian food   food Indian tikka masala Foodies lunch dinner,0
284,warm%20wishes%20happy%20thanksgiving%20grateful%20petsarefamily%20yopets,YoPets wishes everyone a very Happy Thanksgiving  warm wishes happy  Thanksgiving grateful petsarefamily YoPets,0
285,twitternaturecommunity%20warm%20autumn,Good morning TwitterNatureCommunity warm Autumn,0
286,happybirthday%20rekhaji%20beautiful%20warm%20memories%20trendingnow%20trend%20happybitthdayrekhaji%20mood%20wishes,Belated HappyBirthday to RekhaJi  A very beautiful and  warm person Always a delight to meet her  memories TrendingNow trend HappyBitthdayRekhaJi mood wishes,0
287,chilly%20morning%20warm%20knitwear%20autumntreats,Wow that was a chilly morning Wrap up warm with knitwear from our colourful collection AutumnTreats Mid14cruk CarolineKeech,0
288,mens%20mensfashion%20royal%20blue%20man%20clothesshopping%20clothes%20present%20longsleeve%20warm,Check this out at wear what boutique  mens mensfashion royal blue man clothesshopping clothes present longsleeve warm,0
289,warm%20jacket%20apparel%20bicycle%20bicycleday%20hofmann,Bomber jackets now available       warm jacket apparel bicycle bicycleday hofmann,0
290,thunderstorms%20front%20dissipates%20rain%20warm%20humid%20drier%20cooler%20air%20springbranchwx,Thunderstorms have moved east this morning slick roads this morning Front moves dissipates later today slight chance of rain through the end of the week Warm and humid conditions return Friday the next cold front arrives bringing drier cooler air springbranchwx,0
291,everyone%20sunny%20warm,Have a great Monday everyone Hope you all enjoy the beautiful sunny warm day,0
292,mototile%20flooring%20interlocking%20diy%20tiles%20floors%20packs%20motomat%20anti%20tile%20smallbusinesses%20warm,As the season changes warm up your garage floor with some Autumn colours The tiles simply snap together and can act as thermal and acoustic insulation   mototile flooring interlocking DIY tiles floors packs motomat anti tile SmallBusinesses warm,0
293,warm%2010tv%20wakeupcbus%20ohwx%20columbus%20ohio%20weather%20forecast%20mornin%20news%20fun,Todays forecast in a gif Another warm day with nearrecord heat Im tracking how warm itll get right now on 10TV 10TV WakeUpCbus ohwx Columbus Ohio Weather forecast mornin news fun,0
294,epic%20fail%20no%20model%20love%20winter%20coat%20yourkatnippers%20chillin%20ready%20warm%20full%20length%20michigan%20royaloak%20oakland%20fur%20hat%20fall%20prep%20feelthefit%20thankyou,epic fail no model  Full video on my you channel torrid love my winter coat yourkatnippers chillin ready warm full length michigan royaloak royaloakmi oakland fur hat fall prep feelthefit thankyou,0
295,epic%20fail%20no%20model%20love%20winter%20yourkatnippers%20chillin%20ready%20warm%20full%20length%20michigan%20royaloak%20oakland%20fur%20hat%20fall%20prep%20feelthefit%20thankyou%20happy%20happygirl%20lacy,epic fail no model  Full video on my you channel love my winter yourkatnippers chillin ready warm full length michigan royaloak royaloakmi oakland fur hat fall prep feelthefit thankyou happy happygirl lacy,0
296,warm%20monday%2010tv%20ohwx%20columbus%20ohio%20weather,Get ready for a warm afternoon this Monday Im tracking how high the mercury will go hint nearrecord highs in the forecast with your OuttheDoor forecast 10TV 10TV   AngelaAn10TV TracyT10TV Tino10TV KristaWBNS ohwx Columbus Ohio Weather,0
297,epic%20fail%20no%20model%20love%20winter%20coat%20yourkatnippers%20chillin%20ready%20warm%20full%20length%20michigan%20royaloak%20oakland%20fur%20hat%20fall%20prep%20feelthefit%20thankyou,epic fail no model  Full video on my you channel torrid love my winter coat yourkatnippers chillin ready warm full length michigan royaloak royaloakmi oakland fur hat fall prep feelthefit thankyou,0
298,winter%20coat%20yourkatnippers%20chillin%20ready%20warm%20full%20length%20michigan%20royaloak%20oakland%20fur%20hat%20fall%20prep%20feelthefit%20thankyou%20thankyoutorrid%20happy%20happygirl,Full video on my you channel torrid love my winter coat yourkatnippers chillin ready warm full length michigan royaloak royaloakmi oakland fur hat fall prep feelthefit thankyou thankyoutorrid happy happygirl at,0
299,monday%20mondaymotivation%20mondaymorning%20newweek%20mondays%20tip%20morning%20sunrise%20breakfast%20early%20wakeup%20sunshine%20sleepy%20bed%20wakingup%20Ð¾%20wake%20tired%20earlybird%20daytime%20awake%20ready%20gettingready%20snooze%20warm,Good morning x x x  monday  mondaymotivation  mondaymorning  newweek   mondays tip morning  sunrise  breakfast  early  wakeup sunshine  sleepy  bed  wakingup  Ð¾ wake  tired earlybird  daytime  awake  ready  gettingready  snooze  warm,0